hbennett0@examiner.com;Harry;Bennett;1111;KASSA;2
tbrown1@bluehost.com;Terry;Brown;1112;BILLETEUR;4
ehowell2@lulu.com;Elizabeth;Howell;1113;FOOD COURT;6
mjames3@howstuffworks.com;Martin;James;1114;KASSA;9
wgarza4@1688.com;Wayne;Garza;1115;BILLETEUR;11
tsimmons5@ihg.com;Todd;Simmons;1116;FOOD COURT;13
kdiaz6@elegantthemes.com;Kimberly;Diaz;1117;KASSA;16
hduncan7@etsy.com;Helen;Duncan;1118;BILLETEUR;18
ejohnson8@printfriendly.com;Eugene;Johnson;1119;FOOD COURT;20
mcox9@sciencedaily.com;Margaret;Cox;1120;KASSA;23
cgilberta@delicious.com;Cheryl;Gilbert;1121;BILLETEUR;25
jbanksb@friendfeed.com;Jean;Banks;1122;FOOD COURT;27
ldiazc@lulu.com;Lawrence;Diaz;1123;KASSA;30
lhuntd@weebly.com;Louis;Hunt;1124;BILLETEUR;3
bwheelere@privacy.gov.au;Billy;Wheeler;1125;FOOD COURT;5
ajacksonf@so-net.ne.jp;Andrea;Jackson;1126;KASSA;8
grayg@rakuten.co.jp;Gloria;Ray;1127;BILLETEUR;10
crichardsh@tinyurl.com;Chris;Richards;1128;FOOD COURT;12
thendersoni@accuweather.com;Terry;Henderson;1129;KASSA;15
jharrisonj@google.pl;Jerry;Harrison;1130;BILLETEUR;17
rfranklink@cpanel.net;Ruby;Franklin;1131;FOOD COURT;19
ejenkinsl@foxnews.com;Eric;Jenkins;1132;KASSA;22
rhartm@amazon.de;Raymond;Hart;1133;BILLETEUR;24
jandrewsn@cdbaby.com;Joan;Andrews;1134;FOOD COURT;26
ndayo@mac.com;Nancy;Day;1135;KASSA;29
ccooperp@gmpg.org;Carlos;Cooper;1136;BILLETEUR;2
mfoxq@nps.gov;Martha;Fox;1137;FOOD COURT;4
gmeyerr@walmart.com;Gary;Meyer;1138;KASSA;7
edixons@google.it;Earl;Dixon;1139;BILLETEUR;9
cwebbt@geocities.jp;Cheryl;Webb;1140;FOOD COURT;11
eduncanu@eventbrite.com;Eugene;Duncan;1141;KASSA;14
ssanchezv@uiuc.edu;Sharon;Sanchez;1142;BILLETEUR;16
fhartw@about.me;Frances;Hart;1143;FOOD COURT;18
pkellyx@trellian.com;Paul;Kelly;1144;KASSA;21
tkellyy@clickbank.net;Thomas;Kelly;1145;BILLETEUR;23
kwardz@zimbio.com;Kathy;Ward;1146;FOOD COURT;25
dbennett10@blogs.com;Douglas;Bennett;1147;KASSA;28
creed11@psu.edu;Clarence;Reed;1148;BILLETEUR;30
mmedina12@usda.gov;Martha;Medina;1149;FOOD COURT;3
vrogers13@wiley.com;Victor;Rogers;1150;KASSA;6
wjames14@wordpress.org;Wanda;James;1151;BILLETEUR;8
ldixon15@skype.com;Lori;Dixon;1152;FOOD COURT;10
tgutierrez16@shop-pro.jp;Tammy;Gutierrez;1153;KASSA;13
tmoore17@yellowpages.com;Terry;Moore;1154;BILLETEUR;15
estewart18@wix.com;Elizabeth;Stewart;1155;FOOD COURT;17
mmatthews19@state.gov;Melissa;Matthews;1156;KASSA;20
rmoore1a@nifty.com;Ruth;Moore;1157;BILLETEUR;22
sjones1b@wikipedia.org;Stephen;Jones;1158;FOOD COURT;24
bmitchell1c@jimdo.com;Betty;Mitchell;1159;KASSA;27
randerson1d@scribd.com;Ruth;Anderson;1160;BILLETEUR;29
jsimpson1e@istockphoto.com;Jennifer;Simpson;1161;FOOD COURT;2
jjackson1f@dailymotion.com;James;Jackson;1162;KASSA;5
btucker1g@cam.ac.uk;Brenda;Tucker;1163;BILLETEUR;7
jaustin1h@washington.edu;Jacqueline;Austin;1164;FOOD COURT;9
jwright1i@imageshack.us;Julie;Wright;1165;KASSA;12
krose1j@hugedomains.com;Kevin;Rose;1166;BILLETEUR;14
droberts1k@ustream.tv;Deborah;Roberts;1167;FOOD COURT;16
rwest1l@cargocollective.com;Roy;West;1168;KASSA;19
jlopez1m@apache.org;Judy;Lopez;1169;BILLETEUR;21
ptaylor1n@oracle.com;Patrick;Taylor;1170;FOOD COURT;23
ngomez1o@marketwatch.com;Norma;Gomez;1171;KASSA;26
amorrison1p@thetimes.co.uk;Aaron;Morrison;1172;BILLETEUR;28
mbishop1q@intel.com;Michael;Bishop;1173;FOOD COURT;30
dstephens1r@npr.org;David;Stephens;1174;KASSA;4
mbaker1s@statcounter.com;Marie;Baker;1175;BILLETEUR;6
afields1t@bbc.co.uk;Alan;Fields;1176;FOOD COURT;8
rbaker1u@house.gov;Rachel;Baker;1177;KASSA;11
elawrence1v@woothemes.com;Elizabeth;Lawrence;1178;BILLETEUR;13
eshaw1w@nyu.edu;Evelyn;Shaw;1179;FOOD COURT;15
kmorrison1x@issuu.com;Katherine;Morrison;1180;KASSA;18
astevens1y@free.fr;Amy;Stevens;1181;BILLETEUR;20
aperkins1z@geocities.jp;Alice;Perkins;1182;FOOD COURT;22
rvasquez20@example.com;Rose;Vasquez;1183;KASSA;25
ldiaz21@thetimes.co.uk;Louise;Diaz;1184;BILLETEUR;27
klawson22@ycombinator.com;Katherine;Lawson;1185;FOOD COURT;29
jbaker23@japanpost.jp;Judy;Baker;1186;KASSA;3
jfowler24@biglobe.ne.jp;Jerry;Fowler;1187;BILLETEUR;5
dgardner25@walmart.com;Donald;Gardner;1188;FOOD COURT;7
shanson26@soup.io;Sharon;Hanson;1189;KASSA;10
lboyd27@comcast.net;Larry;Boyd;1190;BILLETEUR;12
jhicks28@elegantthemes.com;Joshua;Hicks;1191;FOOD COURT;14
mgonzales29@theguardian.com;Matthew;Gonzales;1192;KASSA;17
sjames2a@admin.ch;Scott;James;1193;BILLETEUR;19
dbaker2b@berkeley.edu;Debra;Baker;1194;FOOD COURT;21
mcruz2c@cornell.edu;Mildred;Cruz;1195;KASSA;24
bruiz2d@vistaprint.com;Beverly;Ruiz;1196;BILLETEUR;26
kevans2e@ovh.net;Karen;Evans;1197;FOOD COURT;28
rmarshall2f@bloglovin.com;Roy;Marshall;1198;KASSA;2
dfuller2g@nydailynews.com;Donald;Fuller;1199;BILLETEUR;4
rjohnson2h@army.mil;Ruby;Johnson;1200;FOOD COURT;6
bwhite2i@hud.gov;Billy;White;1201;KASSA;9
lferguson2j@sourceforge.net;Lisa;Ferguson;1202;BILLETEUR;11
nwallace2k@bluehost.com;Nicole;Wallace;1203;FOOD COURT;13
rhanson2l@netlog.com;Roger;Hanson;1204;KASSA;16
csanchez2m@sciencedirect.com;Chris;Sanchez;1205;BILLETEUR;18
dwest2n@deviantart.com;Donald;West;1206;FOOD COURT;20
jclark2o@ihg.com;Jennifer;Clark;1207;KASSA;23
aperkins2p@engadget.com;Andrea;Perkins;1208;BILLETEUR;25
lturner2q@squarespace.com;Lisa;Turner;1209;FOOD COURT;27
kmiller2r@biblegateway.com;Kelly;Miller;1210;KASSA;30
cmurphy2s@shareasale.com;Carolyn;Murphy;1211;BILLETEUR;3
kgriffin2t@nasa.gov;Kathryn;Griffin;1212;FOOD COURT;5
cmontgomery2u@ftc.gov;Carlos;Montgomery;1213;KASSA;8
dsanders2v@wired.com;Donna;Sanders;1214;BILLETEUR;10
sturner2w@opera.com;Samuel;Turner;1215;FOOD COURT;12
hmills2x@ehow.com;Helen;Mills;1216;KASSA;15
mcarter2y@gnu.org;Maria;Carter;1217;BILLETEUR;17
ivasquez2z@shareasale.com;Irene;Vasquez;1218;FOOD COURT;19
lmendoza30@ustream.tv;Lois;Mendoza;1219;KASSA;22
bfox31@imdb.com;Bobby;Fox;1220;BILLETEUR;24
jwilson32@goo.ne.jp;Jeremy;Wilson;1221;FOOD COURT;26
bboyd33@comsenz.com;Betty;Boyd;1222;KASSA;29
ahayes34@admin.ch;Anne;Hayes;1223;BILLETEUR;2
kfields35@wufoo.com;Katherine;Fields;1224;FOOD COURT;4
cgonzales36@vk.com;Christine;Gonzales;1225;KASSA;7
cbailey37@nba.com;Christine;Bailey;1226;BILLETEUR;9
candrews38@reddit.com;Carl;Andrews;1227;FOOD COURT;11
dalvarez39@jalbum.net;Daniel;Alvarez;1228;KASSA;14
ahart3a@list-manage.com;Anne;Hart;1229;BILLETEUR;16
kmoore3b@twitter.com;Kelly;Moore;1230;FOOD COURT;18
jcastillo3c@google.co.jp;Juan;Castillo;1231;KASSA;21
mhoward3d@tuttocitta.it;Martin;Howard;1232;BILLETEUR;23
adunn3e@drupal.org;Alan;Dunn;1233;FOOD COURT;25
rgreene3f@fema.gov;Russell;Greene;1234;KASSA;28
cbell3g@reddit.com;Carlos;Bell;1235;BILLETEUR;30
bpayne3h@a8.net;Brenda;Payne;1236;FOOD COURT;3
wwheeler3i@arstechnica.com;Wayne;Wheeler;1237;KASSA;6
sclark3j@ning.com;Steven;Clark;1238;BILLETEUR;8
hlarson3k@mozilla.com;Helen;Larson;1239;FOOD COURT;10
jrobinson3l@about.com;Jason;Robinson;1240;KASSA;13
dgutierrez3m@1und1.de;Douglas;Gutierrez;1241;BILLETEUR;15
thenry3n@java.com;Timothy;Henry;1242;FOOD COURT;17
hgonzalez3o@bizjournals.com;Henry;Gonzalez;1243;KASSA;20
jlewis3p@hatena.ne.jp;Joyce;Lewis;1244;BILLETEUR;22
dblack3q@intel.com;Douglas;Black;1245;FOOD COURT;24
krice3r@sfgate.com;Katherine;Rice;1246;KASSA;27
lgarrett3s@taobao.com;Lawrence;Garrett;1247;BILLETEUR;29
jwillis3t@auda.org.au;Julie;Willis;1248;FOOD COURT;2
jduncan3u@addtoany.com;Judy;Duncan;1249;KASSA;5
jlittle3v@biglobe.ne.jp;Jane;Little;1250;BILLETEUR;7
jpalmer3w@cnbc.com;Jose;Palmer;1251;FOOD COURT;9
tmedina3x@gizmodo.com;Tina;Medina;1252;KASSA;12
bwilliamson3y@tiny.cc;Beverly;Williamson;1253;BILLETEUR;14
dhudson3z@blinklist.com;Dorothy;Hudson;1254;FOOD COURT;16
wcampbell40@tinypic.com;Wanda;Campbell;1255;KASSA;19
srose41@loc.gov;Stephanie;Rose;1256;BILLETEUR;21
kweaver42@storify.com;Katherine;Weaver;1257;FOOD COURT;23
aflores43@amazon.co.uk;Ashley;Flores;1258;KASSA;26
gking44@mozilla.org;Gary;King;1259;BILLETEUR;28
jpeterson45@army.mil;Jane;Peterson;1260;FOOD COURT;30
rjordan46@barnesandnoble.com;Ruby;Jordan;1261;KASSA;4
dholmes47@technorati.com;Denise;Holmes;1262;BILLETEUR;6
vrivera48@nhs.uk;Virginia;Rivera;1263;FOOD COURT;8
agreene49@canalblog.com;Antonio;Greene;1264;KASSA;11
shughes4a@irs.gov;Sandra;Hughes;1265;BILLETEUR;13
dryan4b@house.gov;Donna;Ryan;1266;FOOD COURT;15
jfox4c@twitter.com;Joyce;Fox;1267;KASSA;18
ahicks4d@yolasite.com;Ann;Hicks;1268;BILLETEUR;20
sday4e@sourceforge.net;Sarah;Day;1269;FOOD COURT;22
rwest4f@technorati.com;Ryan;West;1270;KASSA;25
nhenry4g@mail.ru;Nancy;Henry;1271;BILLETEUR;27
bholmes4h@yellowbook.com;Bobby;Holmes;1272;FOOD COURT;29
mcrawford4i@patch.com;Marie;Crawford;1273;KASSA;3
krichardson4j@irs.gov;Karen;Richardson;1274;BILLETEUR;5
driley4k@slate.com;Douglas;Riley;1275;FOOD COURT;7
ssmith4l@uiuc.edu;Sharon;Smith;1276;KASSA;10
tcox4m@comcast.net;Timothy;Cox;1277;BILLETEUR;12
epayne4n@sakura.ne.jp;Ernest;Payne;1278;FOOD COURT;14
jhunter4o@ycombinator.com;Joseph;Hunter;1279;KASSA;17
dpowell4p@networksolutions.com;David;Powell;1280;BILLETEUR;19
swashington4q@narod.ru;Shirley;Washington;1281;FOOD COURT;21
vbryant4r@parallels.com;Victor;Bryant;1282;KASSA;24
sgarcia4s@gnu.org;Susan;Garcia;1283;BILLETEUR;26
thughes4t@newyorker.com;Teresa;Hughes;1284;FOOD COURT;28
dbryant4u@de.vu;Donald;Bryant;1285;KASSA;2
bsimpson4v@nps.gov;Beverly;Simpson;1286;BILLETEUR;4
jnguyen4w@chicagotribune.com;Janet;Nguyen;1287;FOOD COURT;6
mjacobs4x@360.cn;Margaret;Jacobs;1288;KASSA;9
jcruz4y@unblog.fr;Jimmy;Cruz;1289;BILLETEUR;11
jwood4z@artisteer.com;Jason;Wood;1290;FOOD COURT;13
wgomez50@admin.ch;Walter;Gomez;1291;KASSA;16
aschmidt51@ow.ly;Anna;Schmidt;1292;BILLETEUR;18
jharvey52@va.gov;Joan;Harvey;1293;FOOD COURT;20
mhicks53@apache.org;Margaret;Hicks;1294;KASSA;23
jnguyen54@wix.com;Joan;Nguyen;1295;BILLETEUR;25
jpierce55@zdnet.com;Joshua;Pierce;1296;FOOD COURT;27
jchapman56@123-reg.co.uk;Julia;Chapman;1297;KASSA;30
aparker57@cyberchimps.com;Albert;Parker;1298;BILLETEUR;3
dday58@bbc.co.uk;Donna;Day;1299;FOOD COURT;5
dramirez59@wikimedia.org;David;Ramirez;1300;KASSA;8
eking5a@google.es;Edward;King;1301;BILLETEUR;10
cwest5b@nps.gov;Christina;West;1302;FOOD COURT;12
thansen5c@privacy.gov.au;Tina;Hansen;1303;KASSA;15
sdaniels5d@hexun.com;Samuel;Daniels;1304;BILLETEUR;17
jbrown5e@xrea.com;Jerry;Brown;1305;FOOD COURT;19
mclark5f@hc360.com;Marilyn;Clark;1306;KASSA;22
sjones5g@squarespace.com;Sean;Jones;1307;BILLETEUR;24
bgibson5h@cisco.com;Brenda;Gibson;1308;FOOD COURT;26
mmedina5i@house.gov;Melissa;Medina;1309;KASSA;29
dboyd5j@xrea.com;Daniel;Boyd;1310;BILLETEUR;2
pruiz5k@prweb.com;Pamela;Ruiz;1311;FOOD COURT;4
kfoster5l@prweb.com;Kevin;Foster;1312;KASSA;7
lalexander5m@google.com.au;Lawrence;Alexander;1313;BILLETEUR;9
anguyen5n@free.fr;Angela;Nguyen;1314;FOOD COURT;11
mburke5o@hibu.com;Martha;Burke;1315;KASSA;14
dreed5p@blogtalkradio.com;Diana;Reed;1316;BILLETEUR;16
jward5q@naver.com;Jacqueline;Ward;1317;FOOD COURT;18
mtorres5r@geocities.jp;Matthew;Torres;1318;KASSA;21
sblack5s@angelfire.com;Scott;Black;1319;BILLETEUR;23
cwilson5t@altervista.org;Christine;Wilson;1320;FOOD COURT;25
pjames5u@last.fm;Peter;James;1321;KASSA;28
sjames5v@sina.com.cn;Shirley;James;1322;BILLETEUR;30
lthompson5w@bandcamp.com;Linda;Thompson;1323;FOOD COURT;3
pjones5x@istockphoto.com;Peter;Jones;1324;KASSA;6
plopez5y@house.gov;Philip;Lopez;1325;BILLETEUR;8
frogers5z@hatena.ne.jp;Frank;Rogers;1326;FOOD COURT;10
jramos60@clickbank.net;Jason;Ramos;1327;KASSA;13
jgutierrez61@nih.gov;Jose;Gutierrez;1328;BILLETEUR;15
lfields62@tumblr.com;Lori;Fields;1329;FOOD COURT;17
pmcdonald63@histats.com;Philip;Mcdonald;1330;KASSA;20
bcarroll64@utexas.edu;Betty;Carroll;1331;BILLETEUR;22
jmartinez65@cnet.com;Jeremy;Martinez;1332;FOOD COURT;24
hmitchell66@tripod.com;Henry;Mitchell;1333;KASSA;27
wthomas67@buzzfeed.com;William;Thomas;1334;BILLETEUR;29
csullivan68@google.co.uk;Catherine;Sullivan;1335;FOOD COURT;2
ptucker69@guardian.co.uk;Paul;Tucker;1336;KASSA;5
arodriguez6a@nydailynews.com;Ann;Rodriguez;1337;BILLETEUR;7
jcarter6b@zdnet.com;Jimmy;Carter;1338;FOOD COURT;9
kfreeman6c@ocn.ne.jp;Kathy;Freeman;1339;KASSA;12
cgarza6d@stanford.edu;Charles;Garza;1340;BILLETEUR;14
fmcdonald6e@icio.us;Frank;Mcdonald;1341;FOOD COURT;16
wroberts6f@businessweek.com;Wanda;Roberts;1342;KASSA;19
jdunn6g@bloglines.com;Jason;Dunn;1343;BILLETEUR;21
mdiaz6h@domainmarket.com;Mildred;Diaz;1344;FOOD COURT;23
jsnyder6i@github.io;Jose;Snyder;1345;KASSA;26
alawson6j@list-manage.com;Antonio;Lawson;1346;BILLETEUR;28
fgomez6k@prlog.org;Fred;Gomez;1347;FOOD COURT;30
bgray6l@sphinn.com;Bruce;Gray;1348;KASSA;4
agibson6m@google.fr;Andrew;Gibson;1349;BILLETEUR;6
phawkins6n@thetimes.co.uk;Pamela;Hawkins;1350;FOOD COURT;8
bmatthews6o@blogspot.com;Brian;Matthews;1351;KASSA;11
slong6p@timesonline.co.uk;Susan;Long;1352;BILLETEUR;13
plawrence6q@nasa.gov;Paul;Lawrence;1353;FOOD COURT;15
calvarez6r@discovery.com;Charles;Alvarez;1354;KASSA;18
sbryant6s@amazon.co.uk;Steve;Bryant;1355;BILLETEUR;20
lduncan6t@tumblr.com;Lawrence;Duncan;1356;FOOD COURT;22
jhowell6u@kickstarter.com;Janice;Howell;1357;KASSA;25
kwarren6v@gnu.org;Kevin;Warren;1358;BILLETEUR;27
ktucker6w@columbia.edu;Katherine;Tucker;1359;FOOD COURT;29
boliver6x@cmu.edu;Bruce;Oliver;1360;KASSA;3
lwilliamson6y@boston.com;Lois;Williamson;1361;BILLETEUR;5
cnelson6z@indiegogo.com;Christine;Nelson;1362;FOOD COURT;7
srichardson70@walmart.com;Sharon;Richardson;1363;KASSA;10
fross71@nih.gov;Frances;Ross;1364;BILLETEUR;12
hhayes72@marriott.com;Heather;Hayes;1365;FOOD COURT;14
wedwards73@mashable.com;Wayne;Edwards;1366;KASSA;17
areid74@themeforest.net;Anne;Reid;1367;BILLETEUR;19
kcollins75@earthlink.net;Kelly;Collins;1368;FOOD COURT;21
cgonzales76@liveinternet.ru;Carlos;Gonzales;1369;KASSA;24
llane77@ask.com;Lawrence;Lane;1370;BILLETEUR;26
sfranklin78@tinypic.com;Sara;Franklin;1371;FOOD COURT;28
bmason79@cpanel.net;Bonnie;Mason;1372;KASSA;2
ehall7a@ow.ly;Earl;Hall;1373;BILLETEUR;4
jjames7b@instagram.com;Joan;James;1374;FOOD COURT;6
sphillips7c@com.com;Scott;Phillips;1375;KASSA;9
kbaker7d@disqus.com;Karen;Baker;1376;BILLETEUR;11
jsmith7e@storify.com;Jennifer;Smith;1377;FOOD COURT;13
jwarren7f@1und1.de;Jean;Warren;1378;KASSA;16
dgrant7g@wikimedia.org;Diane;Grant;1379;BILLETEUR;18
snelson7h@examiner.com;Sandra;Nelson;1380;FOOD COURT;20
klopez7i@umn.edu;Kenneth;Lopez;1381;KASSA;23
cbennett7j@cafepress.com;Catherine;Bennett;1382;BILLETEUR;25
asullivan7k@squarespace.com;Ann;Sullivan;1383;FOOD COURT;27
lhenderson7l@epa.gov;Lillian;Henderson;1384;KASSA;30
mevans7m@mediafire.com;Mary;Evans;1385;BILLETEUR;3
rmorris7n@purevolume.com;Rose;Morris;1386;FOOD COURT;5
fwood7o@1und1.de;Fred;Wood;1387;KASSA;8
csanders7p@blogtalkradio.com;Carl;Sanders;1388;BILLETEUR;10
jkelley7q@berkeley.edu;Jean;Kelley;1389;FOOD COURT;12
lfreeman7r@cbsnews.com;Lisa;Freeman;1390;KASSA;15
cnelson7s@mtv.com;Clarence;Nelson;1391;BILLETEUR;17
dnichols7t@meetup.com;Diane;Nichols;1392;FOOD COURT;19
gward7u@who.int;Gregory;Ward;1393;KASSA;22
fburns7v@csmonitor.com;Frank;Burns;1394;BILLETEUR;24
tspencer7w@nasa.gov;Todd;Spencer;1395;FOOD COURT;26
jroberts7x@unesco.org;Judith;Roberts;1396;KASSA;29
sevans7y@columbia.edu;Steven;Evans;1397;BILLETEUR;2
lberry7z@linkedin.com;Louis;Berry;1398;FOOD COURT;4
bolson80@prweb.com;Betty;Olson;1399;KASSA;7
apierce81@cnbc.com;Amanda;Pierce;1400;BILLETEUR;9
lhanson82@networksolutions.com;Lois;Hanson;1401;FOOD COURT;11
tstewart83@1688.com;Todd;Stewart;1402;KASSA;14
cdavis84@freewebs.com;Charles;Davis;1403;BILLETEUR;16
rbishop85@meetup.com;Robert;Bishop;1404;FOOD COURT;18
dgordon86@thetimes.co.uk;Diana;Gordon;1405;KASSA;21
ehayes87@businesswire.com;Earl;Hayes;1406;BILLETEUR;23
wstanley88@amazonaws.com;Wanda;Stanley;1407;FOOD COURT;25
mcole89@goodreads.com;Martin;Cole;1408;KASSA;28
swagner8a@livejournal.com;Sharon;Wagner;1409;BILLETEUR;30
jgeorge8b@hibu.com;Julia;George;1410;FOOD COURT;3
dhernandez8c@businessweek.com;Douglas;Hernandez;1411;KASSA;6
wnichols8d@paginegialle.it;Wanda;Nichols;1412;BILLETEUR;8
whenry8e@1und1.de;Willie;Henry;1413;FOOD COURT;10
thunt8f@wisc.edu;Tammy;Hunt;1414;KASSA;13
hsims8g@army.mil;Henry;Sims;1415;BILLETEUR;15
hlynch8h@examiner.com;Helen;Lynch;1416;FOOD COURT;17
halvarez8i@about.me;Harry;Alvarez;1417;KASSA;20
ehamilton8j@dailymotion.com;Eric;Hamilton;1418;BILLETEUR;22
mrussell8k@thetimes.co.uk;Mark;Russell;1419;FOOD COURT;24
jperez8l@unblog.fr;Justin;Perez;1420;KASSA;27
ahunter8m@deviantart.com;Amanda;Hunter;1421;BILLETEUR;29
dramirez8n@spotify.com;David;Ramirez;1422;FOOD COURT;2
hwallace8o@vinaora.com;Henry;Wallace;1423;KASSA;5
amorrison8p@stumbleupon.com;Anthony;Morrison;1424;BILLETEUR;7
mfrazier8q@skype.com;Michelle;Frazier;1425;FOOD COURT;9
ecruz8r@list-manage.com;Eric;Cruz;1426;KASSA;12
jmcdonald8s@huffingtonpost.com;Jennifer;Mcdonald;1427;BILLETEUR;14
jhunt8t@hp.com;Jason;Hunt;1428;FOOD COURT;16
wmarshall8u@auda.org.au;Willie;Marshall;1429;KASSA;19
astewart8v@google.ca;Annie;Stewart;1430;BILLETEUR;21
sarnold8w@live.com;Stephanie;Arnold;1431;FOOD COURT;23
cfernandez8x@youku.com;Cynthia;Fernandez;1432;KASSA;26
dlee8y@marriott.com;Dorothy;Lee;1433;BILLETEUR;28
rmills8z@patch.com;Roy;Mills;1434;FOOD COURT;30
wchavez90@archive.org;Wanda;Chavez;1435;KASSA;4
rgrant91@addtoany.com;Ronald;Grant;1436;BILLETEUR;6
ckelly92@answers.com;Charles;Kelly;1437;FOOD COURT;8
wlittle93@dyndns.org;William;Little;1438;KASSA;11
wmccoy94@digg.com;Willie;Mccoy;1439;BILLETEUR;13
dkelley95@google.cn;Douglas;Kelley;1440;FOOD COURT;15
jthompson96@bbc.co.uk;Judy;Thompson;1441;KASSA;18
scruz97@phoca.cz;Steven;Cruz;1442;BILLETEUR;20
arichards98@webeden.co.uk;Arthur;Richards;1443;FOOD COURT;22
nalvarez99@ycombinator.com;Nicole;Alvarez;1444;KASSA;25
jjordan9a@nydailynews.com;Julie;Jordan;1445;BILLETEUR;27
mellis9b@soup.io;Martha;Ellis;1446;FOOD COURT;29
tscott9c@craigslist.org;Teresa;Scott;1447;KASSA;3
drogers9d@patch.com;Donna;Rogers;1448;BILLETEUR;5
jtaylor9e@themeforest.net;Jose;Taylor;1449;FOOD COURT;7
lharrison9f@friendfeed.com;Lori;Harrison;1450;KASSA;10
jwright9g@toplist.cz;Joyce;Wright;1451;BILLETEUR;12
nlewis9h@princeton.edu;Nicole;Lewis;1452;FOOD COURT;14
cwright9i@psu.edu;Charles;Wright;1453;KASSA;17
mlarson9j@cdbaby.com;Matthew;Larson;1454;BILLETEUR;19
lpalmer9k@pagesperso-orange.fr;Lawrence;Palmer;1455;FOOD COURT;21
mshaw9l@usnews.com;Martha;Shaw;1456;KASSA;24
mpatterson9m@ustream.tv;Maria;Patterson;1457;BILLETEUR;26
eclark9n@paypal.com;Edward;Clark;1458;FOOD COURT;28
sgonzales9o@youtu.be;Sara;Gonzales;1459;KASSA;2
tscott9p@goo.gl;Tina;Scott;1460;BILLETEUR;4
jbowman9q@ucoz.ru;Jose;Bowman;1461;FOOD COURT;6
cbowman9r@mac.com;Christine;Bowman;1462;KASSA;9
sflores9s@symantec.com;Samuel;Flores;1463;BILLETEUR;11
wfernandez9t@army.mil;Wayne;Fernandez;1464;FOOD COURT;13
tfrazier9u@qq.com;Timothy;Frazier;1465;KASSA;16
rsimpson9v@amazon.co.uk;Russell;Simpson;1466;BILLETEUR;18
lray9w@hao123.com;Lori;Ray;1467;FOOD COURT;20
snguyen9x@quantcast.com;Sara;Nguyen;1468;KASSA;23
amartin9y@prlog.org;Amy;Martin;1469;BILLETEUR;25
daustin9z@mail.ru;Doris;Austin;1470;FOOD COURT;27
gfostera0@guardian.co.uk;George;Foster;1471;KASSA;30
mmorenoa1@upenn.edu;Matthew;Moreno;1472;BILLETEUR;3
dgarretta2@businesswire.com;Doris;Garrett;1473;FOOD COURT;5
bfergusona3@xinhuanet.com;Brandon;Ferguson;1474;KASSA;8
gkima4@myspace.com;Gregory;Kim;1475;BILLETEUR;10
rbutlera5@parallels.com;Ronald;Butler;1476;FOOD COURT;12
jdixona6@unesco.org;Jennifer;Dixon;1477;KASSA;15
jwoodsa7@globo.com;Joan;Woods;1478;BILLETEUR;17
mdaya8@so-net.ne.jp;Marie;Day;1479;FOOD COURT;19
kcolemana9@irs.gov;Kenneth;Coleman;1480;KASSA;22
dlewisaa@amazonaws.com;Dorothy;Lewis;1481;BILLETEUR;24
hgordonab@phoca.cz;Howard;Gordon;1482;FOOD COURT;26
jmoralesac@usa.gov;John;Morales;1483;KASSA;29
cbellad@yahoo.com;Christina;Bell;1484;BILLETEUR;2
ebrownae@cbc.ca;Emily;Brown;1485;FOOD COURT;4
rperezaf@unesco.org;Robert;Perez;1486;KASSA;7
smasonag@mysql.com;Shirley;Mason;1487;BILLETEUR;9
ecruzah@unicef.org;Evelyn;Cruz;1488;FOOD COURT;11
dwheelerai@infoseek.co.jp;Deborah;Wheeler;1489;KASSA;14
rsandersaj@yandex.ru;Roger;Sanders;1490;BILLETEUR;16
csimmonsak@ed.gov;Charles;Simmons;1491;FOOD COURT;18
vgomezal@netvibes.com;Virginia;Gomez;1492;KASSA;21
ebishopam@ask.com;Earl;Bishop;1493;BILLETEUR;23
gthomasan@vimeo.com;Gary;Thomas;1494;FOOD COURT;25
lbowmanao@yandex.ru;Lillian;Bowman;1495;KASSA;28
mclarkap@shareasale.com;Melissa;Clark;1496;BILLETEUR;30
anguyenaq@ftc.gov;Ann;Nguyen;1497;FOOD COURT;3
rhunterar@baidu.com;Ryan;Hunter;1498;KASSA;6
lalvarezas@reddit.com;Larry;Alvarez;1499;BILLETEUR;8
cwestat@chronoengine.com;Chris;West;1500;FOOD COURT;10
twarrenau@tumblr.com;Timothy;Warren;1501;KASSA;13
arichardsav@samsung.com;Aaron;Richards;1502;BILLETEUR;15
mporteraw@amazon.co.uk;Martin;Porter;1503;FOOD COURT;17
dwardax@deliciousdays.com;Debra;Ward;1504;KASSA;20
jcarteray@simplemachines.org;Jesse;Carter;1505;BILLETEUR;22
aroseaz@adobe.com;Anthony;Rose;1506;FOOD COURT;24
rmartinb0@ca.gov;Russell;Martin;1507;KASSA;27
mrobertsb1@technorati.com;Martha;Roberts;1508;BILLETEUR;29
dmorenob2@sakura.ne.jp;Douglas;Moreno;1509;FOOD COURT;2
doliverb3@who.int;Debra;Oliver;1510;KASSA;5
mbarnesb4@bandcamp.com;Matthew;Barnes;1511;BILLETEUR;7
hhansonb5@house.gov;Harold;Hanson;1512;FOOD COURT;9
molsonb6@soup.io;Michael;Olson;1513;KASSA;12
cjacksonb7@shutterfly.com;Chris;Jackson;1514;BILLETEUR;14
tsanchezb8@devhub.com;Thomas;Sanchez;1515;FOOD COURT;16
chillb9@ning.com;Christina;Hill;1516;KASSA;19
jwillisba@dyndns.org;Joyce;Willis;1517;BILLETEUR;21
bthomasbb@pcworld.com;Brian;Thomas;1518;FOOD COURT;23
hhenrybc@nsw.gov.au;Howard;Henry;1519;KASSA;26
gshawbd@unicef.org;George;Shaw;1520;BILLETEUR;28
dwelchbe@ihg.com;Diana;Welch;1521;FOOD COURT;30
slongbf@wp.com;Sean;Long;1522;KASSA;4
apattersonbg@blinklist.com;Anne;Patterson;1523;BILLETEUR;6
mstewartbh@noaa.gov;Marilyn;Stewart;1524;FOOD COURT;8
jrosebi@diigo.com;Jeffrey;Rose;1525;KASSA;11
sbradleybj@slate.com;Steven;Bradley;1526;BILLETEUR;13
jbradleybk@mozilla.com;Joan;Bradley;1527;FOOD COURT;15
ccastillobl@techcrunch.com;Cheryl;Castillo;1528;KASSA;18
ibellbm@globo.com;Irene;Bell;1529;BILLETEUR;20
apetersonbn@webs.com;Annie;Peterson;1530;FOOD COURT;22
tlawrencebo@purevolume.com;Timothy;Lawrence;1531;KASSA;25
crossbp@patch.com;Carolyn;Ross;1532;BILLETEUR;27
jgonzalezbq@ucoz.ru;Jason;Gonzalez;1533;FOOD COURT;29
rdunnbr@tiny.cc;Rebecca;Dunn;1534;KASSA;3
mramosbs@mozilla.com;Marilyn;Ramos;1535;BILLETEUR;5
akelleybt@eventbrite.com;Adam;Kelley;1536;FOOD COURT;7
psimsbu@epa.gov;Philip;Sims;1537;KASSA;10
kcoxbv@ibm.com;Keith;Cox;1538;BILLETEUR;12
lhendersonbw@npr.org;Lawrence;Henderson;1539;FOOD COURT;14
hbakerbx@discuz.net;Henry;Baker;1540;KASSA;17
tjacksonby@acquirethisname.com;Thomas;Jackson;1541;BILLETEUR;19
sstonebz@msu.edu;Stephanie;Stone;1542;FOOD COURT;21
dspencerc0@google.nl;Debra;Spencer;1543;KASSA;24
dsimpsonc1@ucoz.ru;Debra;Simpson;1544;BILLETEUR;26
ckingc2@irs.gov;Charles;King;1545;FOOD COURT;28
ejohnsonc3@slate.com;Eric;Johnson;1546;KASSA;2
rcunninghamc4@amazon.de;Roger;Cunningham;1547;BILLETEUR;4
eharrisonc5@dailymail.co.uk;Ernest;Harrison;1548;FOOD COURT;6
pgreenc6@wordpress.org;Peter;Green;1549;KASSA;9
bjacksonc7@ed.gov;Barbara;Jackson;1550;BILLETEUR;11
fmoralesc8@fda.gov;Fred;Morales;1551;FOOD COURT;13
fchavezc9@bizjournals.com;Fred;Chavez;1552;KASSA;16
kturnerca@scribd.com;Kathleen;Turner;1553;BILLETEUR;18
wharpercb@upenn.edu;William;Harper;1554;FOOD COURT;20
cwelchcc@cnbc.com;Carl;Welch;1555;KASSA;23
pwatsoncd@gizmodo.com;Phillip;Watson;1556;BILLETEUR;25
jpiercece@cbsnews.com;Joe;Pierce;1557;FOOD COURT;27
egilbertcf@nih.gov;Ernest;Gilbert;1558;KASSA;30
sparkercg@lulu.com;Shirley;Parker;1559;BILLETEUR;3
gleech@japanpost.jp;Gregory;Lee;1560;FOOD COURT;5
ecarrollci@yahoo.com;Eric;Carroll;1561;KASSA;8
gtuckercj@google.com.br;Gregory;Tucker;1562;BILLETEUR;10
amyersck@constantcontact.com;Aaron;Myers;1563;FOOD COURT;12
scarpentercl@yahoo.co.jp;Stephanie;Carpenter;1564;KASSA;15
pandersoncm@ca.gov;Pamela;Anderson;1565;BILLETEUR;17
smcdonaldcn@desdev.cn;Sarah;Mcdonald;1566;FOOD COURT;19
rrussellco@time.com;Raymond;Russell;1567;KASSA;22
tnelsoncp@facebook.com;Terry;Nelson;1568;BILLETEUR;24
klawrencecq@uol.com.br;Karen;Lawrence;1569;FOOD COURT;26
bpalmercr@edublogs.org;Bobby;Palmer;1570;KASSA;29
ccunninghamcs@oracle.com;Cheryl;Cunningham;1571;BILLETEUR;2
dmorganct@soup.io;Doris;Morgan;1572;FOOD COURT;4
twhitecu@privacy.gov.au;Timothy;White;1573;KASSA;7
gmillscv@jugem.jp;Gloria;Mills;1574;BILLETEUR;9
jcastillocw@businessinsider.com;Judy;Castillo;1575;FOOD COURT;11
scollinscx@hhs.gov;Shirley;Collins;1576;KASSA;14
gdeancy@clickbank.net;Gregory;Dean;1577;BILLETEUR;16
earnoldcz@dailymail.co.uk;Emily;Arnold;1578;FOOD COURT;18
cstoned0@samsung.com;Craig;Stone;1579;KASSA;21
kgreend1@mayoclinic.com;Kelly;Green;1580;BILLETEUR;23
preynoldsd2@nymag.com;Peter;Reynolds;1581;FOOD COURT;25
aweaverd3@hao123.com;Amy;Weaver;1582;KASSA;28
hcarrd4@marriott.com;Harry;Carr;1583;BILLETEUR;30
medwardsd5@unicef.org;Michelle;Edwards;1584;FOOD COURT;3
jmillerd6@cyberchimps.com;Julie;Miller;1585;KASSA;6
shansend7@yellowpages.com;Steve;Hansen;1586;BILLETEUR;8
ajacobsd8@mapy.cz;Ashley;Jacobs;1587;FOOD COURT;10
hsullivand9@japanpost.jp;Helen;Sullivan;1588;KASSA;13
hmasonda@nydailynews.com;Henry;Mason;1589;BILLETEUR;15
cgardnerdb@ihg.com;Catherine;Gardner;1590;FOOD COURT;17
msnyderdc@canalblog.com;Margaret;Snyder;1591;KASSA;20
kjacksondd@pen.io;Keith;Jackson;1592;BILLETEUR;22
jromerode@abc.net.au;Jennifer;Romero;1593;FOOD COURT;24
mrossdf@sciencedaily.com;Michael;Ross;1594;KASSA;27
jkennedydg@vimeo.com;Jane;Kennedy;1595;BILLETEUR;29
jsandersdh@posterous.com;Joseph;Sanders;1596;FOOD COURT;2
pfosterdi@pinterest.com;Pamela;Foster;1597;KASSA;5
dgreenedj@ameblo.jp;Dorothy;Greene;1598;BILLETEUR;7
malvarezdk@odnoklassniki.ru;Margaret;Alvarez;1599;FOOD COURT;9
mfieldsdl@ebay.co.uk;Margaret;Fields;1600;KASSA;12
mlynchdm@unesco.org;Mary;Lynch;1601;BILLETEUR;14
dpetersondn@sitemeter.com;David;Peterson;1602;FOOD COURT;16
mgarrettdo@chron.com;Michelle;Garrett;1603;KASSA;19
cstonedp@who.int;Charles;Stone;1604;BILLETEUR;21
lmillsdq@linkedin.com;Lillian;Mills;1605;FOOD COURT;23
whalldr@nymag.com;Wayne;Hall;1606;KASSA;26
jcastillods@spiegel.de;Julie;Castillo;1607;BILLETEUR;28
rbrooksdt@europa.eu;Ryan;Brooks;1608;FOOD COURT;30
dcunninghamdu@lulu.com;Daniel;Cunningham;1609;KASSA;4
jdixondv@elegantthemes.com;Jacqueline;Dixon;1610;BILLETEUR;6
pwellsdw@imageshack.us;Philip;Wells;1611;FOOD COURT;8
rwilsondx@unblog.fr;Roy;Wilson;1612;KASSA;11
khamiltondy@abc.net.au;Katherine;Hamilton;1613;BILLETEUR;13
jyoungdz@cdbaby.com;Justin;Young;1614;FOOD COURT;15
swheelere0@engadget.com;Scott;Wheeler;1615;KASSA;18
pjohnstone1@slate.com;Patricia;Johnston;1616;BILLETEUR;20
mhille2@hubpages.com;Marie;Hill;1617;FOOD COURT;22
jstephense3@sourceforge.net;John;Stephens;1618;KASSA;25
cfreemane4@upenn.edu;Craig;Freeman;1619;BILLETEUR;27
cmatthewse5@google.pl;Cynthia;Matthews;1620;FOOD COURT;29
cpricee6@abc.net.au;Charles;Price;1621;KASSA;3
jharrise7@github.io;Joan;Harris;1622;BILLETEUR;5
rbennette8@yolasite.com;Roger;Bennett;1623;FOOD COURT;7
awellse9@webeden.co.uk;Arthur;Wells;1624;KASSA;10
rreyesea@slate.com;Raymond;Reyes;1625;BILLETEUR;12
acrawfordeb@twitpic.com;Andrea;Crawford;1626;FOOD COURT;14
jmontgomeryec@senate.gov;James;Montgomery;1627;KASSA;17
vmarshalled@woothemes.com;Virginia;Marshall;1628;BILLETEUR;19
jperkinsee@gizmodo.com;Jeremy;Perkins;1629;FOOD COURT;21
wmontgomeryef@google.nl;Wayne;Montgomery;1630;KASSA;24
jfloreseg@typepad.com;Jessica;Flores;1631;BILLETEUR;26
parmstrongeh@blogs.com;Patricia;Armstrong;1632;FOOD COURT;28
ahawkinsei@ibm.com;Ann;Hawkins;1633;KASSA;2
apetersonej@artisteer.com;Alan;Peterson;1634;BILLETEUR;4
ahughesek@globo.com;Alice;Hughes;1635;FOOD COURT;6
tjordanel@exblog.jp;Teresa;Jordan;1636;KASSA;9
dromeroem@discovery.com;Doris;Romero;1637;BILLETEUR;11
aforden@twitter.com;Anthony;Ford;1638;FOOD COURT;13
rwilliseo@globo.com;Ryan;Willis;1639;KASSA;16
cwilliamsep@ow.ly;Christopher;Williams;1640;BILLETEUR;18
hhudsoneq@oakley.com;Harold;Hudson;1641;FOOD COURT;20
mmyerser@simplemachines.org;Michelle;Myers;1642;KASSA;23
vsanchezes@unicef.org;Virginia;Sanchez;1643;BILLETEUR;25
agardneret@mysql.com;Ann;Gardner;1644;FOOD COURT;27
alongeu@nytimes.com;Alice;Long;1645;KASSA;30
tmorrisonev@ucla.edu;Tammy;Morrison;1646;BILLETEUR;3
jlaneew@mozilla.com;Johnny;Lane;1647;FOOD COURT;5
lcrawfordex@wikia.com;Lori;Crawford;1648;KASSA;8
hjamesey@hibu.com;Harry;James;1649;BILLETEUR;10
scooperez@cdbaby.com;Sharon;Cooper;1650;FOOD COURT;12
jolsonf0@wiley.com;Julia;Olson;1651;KASSA;15
bhansonf1@last.fm;Bobby;Hanson;1652;BILLETEUR;17
aknightf2@mapy.cz;Amanda;Knight;1653;FOOD COURT;19
blawsonf3@eventbrite.com;Benjamin;Lawson;1654;KASSA;22
jhawkinsf4@trellian.com;Jacqueline;Hawkins;1655;BILLETEUR;24
wwoodsf5@statcounter.com;Willie;Woods;1656;FOOD COURT;26
efosterf6@themeforest.net;Eric;Foster;1657;KASSA;29
ereidf7@nba.com;Earl;Reid;1658;BILLETEUR;2
amurrayf8@ebay.com;Aaron;Murray;1659;FOOD COURT;4
preidf9@linkedin.com;Phyllis;Reid;1660;KASSA;7
dwardfa@sciencedaily.com;Dennis;Ward;1661;BILLETEUR;9
dwheelerfb@opensource.org;Doris;Wheeler;1662;FOOD COURT;11
jedwardsfc@seesaa.net;Jason;Edwards;1663;KASSA;14
dcruzfd@berkeley.edu;David;Cruz;1664;BILLETEUR;16
bryanfe@shareasale.com;Brenda;Ryan;1665;FOOD COURT;18
bcrawfordff@umich.edu;Brian;Crawford;1666;KASSA;21
dmurphyfg@cbslocal.com;Denise;Murphy;1667;BILLETEUR;23
phicksfh@squidoo.com;Peter;Hicks;1668;FOOD COURT;25
ekellyfi@livejournal.com;Emily;Kelly;1669;KASSA;28
nwellsfj@usgs.gov;Norma;Wells;1670;BILLETEUR;30
lwillisfk@forbes.com;Lisa;Willis;1671;FOOD COURT;3
mhallfl@globo.com;Margaret;Hall;1672;KASSA;6
abrownfm@netscape.com;Amy;Brown;1673;BILLETEUR;8
dmartinezfn@parallels.com;David;Martinez;1674;FOOD COURT;10
awelchfo@weebly.com;Arthur;Welch;1675;KASSA;13
sbishopfp@discuz.net;Stephen;Bishop;1676;BILLETEUR;15
ksimsfq@mail.ru;Kimberly;Sims;1677;FOOD COURT;17
lwelchfr@eventbrite.com;Lawrence;Welch;1678;KASSA;20
brossfs@printfriendly.com;Benjamin;Ross;1679;BILLETEUR;22
plawrenceft@squarespace.com;Paul;Lawrence;1680;FOOD COURT;24
sshawfu@reuters.com;Steve;Shaw;1681;KASSA;27
hmillsfv@microsoft.com;Harry;Mills;1682;BILLETEUR;29
jjonesfw@zdnet.com;James;Jones;1683;FOOD COURT;2
hbrooksfx@webnode.com;Howard;Brooks;1684;KASSA;5
cweaverfy@webmd.com;Craig;Weaver;1685;BILLETEUR;7
jmorrisfz@macromedia.com;Jean;Morris;1686;FOOD COURT;9
swallaceg0@squarespace.com;Steven;Wallace;1687;KASSA;12
mgutierrezg1@cisco.com;Martin;Gutierrez;1688;BILLETEUR;14
awilliamsg2@linkedin.com;Antonio;Williams;1689;FOOD COURT;16
swoodsg3@latimes.com;Scott;Woods;1690;KASSA;19
hmeyerg4@phoca.cz;Harry;Meyer;1691;BILLETEUR;21
tkimg5@a8.net;Tammy;Kim;1692;FOOD COURT;23
cramosg6@tiny.cc;Craig;Ramos;1693;KASSA;26
jperezg7@symantec.com;Judith;Perez;1694;BILLETEUR;28
hreynoldsg8@umn.edu;Harry;Reynolds;1695;FOOD COURT;30
rreynoldsg9@squarespace.com;Ronald;Reynolds;1696;KASSA;4
kstewartga@dyndns.org;Kenneth;Stewart;1697;BILLETEUR;6
rgreengb@noaa.gov;Rebecca;Green;1698;FOOD COURT;8
jcunninghamgc@sbwire.com;Jane;Cunningham;1699;KASSA;11
cportergd@bigcartel.com;Charles;Porter;1700;BILLETEUR;13
ccolemange@msu.edu;Christopher;Coleman;1701;FOOD COURT;15
hmontgomerygf@nymag.com;Henry;Montgomery;1702;KASSA;18
jsmithgg@woothemes.com;Joshua;Smith;1703;BILLETEUR;20
cfordgh@reference.com;Carl;Ford;1704;FOOD COURT;22
jadamsgi@wsj.com;James;Adams;1705;KASSA;25
lwestgj@illinois.edu;Laura;West;1706;BILLETEUR;27
lrosegk@state.gov;Larry;Rose;1707;FOOD COURT;29
lhayesgl@4shared.com;Laura;Hayes;1708;KASSA;3
mgarrettgm@g.co;Michelle;Garrett;1709;BILLETEUR;5
jbishopgn@google.com.hk;Jean;Bishop;1710;FOOD COURT;7
dfraziergo@drupal.org;David;Frazier;1711;KASSA;10
kreidgp@ed.gov;Kevin;Reid;1712;BILLETEUR;12
bhuntergq@answers.com;Brandon;Hunter;1713;FOOD COURT;14
kgutierrezgr@ovh.net;Kenneth;Gutierrez;1714;KASSA;17
mwilliamsgs@wufoo.com;Martha;Williams;1715;BILLETEUR;19
aadamsgt@typepad.com;Alice;Adams;1716;FOOD COURT;21
dcampbellgu@g.co;Deborah;Campbell;1717;KASSA;24
saustingv@eventbrite.com;Sara;Austin;1718;BILLETEUR;26
djacksongw@dedecms.com;Donald;Jackson;1719;FOOD COURT;28
nstewartgx@baidu.com;Nicole;Stewart;1720;KASSA;2
dhenrygy@furl.net;Dennis;Henry;1721;BILLETEUR;4
dbennettgz@mayoclinic.com;Dorothy;Bennett;1722;FOOD COURT;6
lwellsh0@uol.com.br;Lois;Wells;1723;KASSA;9
agomezh1@forbes.com;Angela;Gomez;1724;BILLETEUR;11
lwashingtonh2@artisteer.com;Louis;Washington;1725;FOOD COURT;13
dcruzh3@usnews.com;Daniel;Cruz;1726;KASSA;16
ejenkinsh4@parallels.com;Emily;Jenkins;1727;BILLETEUR;18
cburkeh5@thetimes.co.uk;Catherine;Burke;1728;FOOD COURT;20
rcrawfordh6@accuweather.com;Robin;Crawford;1729;KASSA;23
jmorrish7@lycos.com;Jason;Morris;1730;BILLETEUR;25
dgranth8@nature.com;Dorothy;Grant;1731;FOOD COURT;27
nhowardh9@canalblog.com;Nancy;Howard;1732;KASSA;30
abowmanha@seesaa.net;Anthony;Bowman;1733;BILLETEUR;3
jalvarezhb@discuz.net;Jesse;Alvarez;1734;FOOD COURT;5
wcruzhc@dion.ne.jp;Wanda;Cruz;1735;KASSA;8
ereyeshd@myspace.com;Eric;Reyes;1736;BILLETEUR;10
kjenkinshe@mapquest.com;Kathy;Jenkins;1737;FOOD COURT;12
jpaynehf@telegraph.co.uk;Jessica;Payne;1738;KASSA;15
mboydhg@hhs.gov;Michelle;Boyd;1739;BILLETEUR;17
cpiercehh@bloglines.com;Clarence;Pierce;1740;FOOD COURT;19
jfieldshi@simplemachines.org;Janet;Fields;1741;KASSA;22
tcunninghamhj@unicef.org;Tina;Cunningham;1742;BILLETEUR;24
skinghk@google.com.au;Sandra;King;1743;FOOD COURT;26
hcooperhl@va.gov;Heather;Cooper;1744;KASSA;29
mcarpenterhm@youku.com;Martin;Carpenter;1745;BILLETEUR;2
dmasonhn@icio.us;Denise;Mason;1746;FOOD COURT;4
cmillerho@java.com;Chris;Miller;1747;KASSA;7
dwoodshp@over-blog.com;Dorothy;Woods;1748;BILLETEUR;9
amarshallhq@ihg.com;Antonio;Marshall;1749;FOOD COURT;11
phunterhr@lycos.com;Paul;Hunter;1750;KASSA;14
krichardsonhs@sina.com.cn;Karen;Richardson;1751;BILLETEUR;16
dmatthewsht@businesswire.com;Doris;Matthews;1752;FOOD COURT;18
levanshu@disqus.com;Lois;Evans;1753;KASSA;21
madamshv@weebly.com;Mildred;Adams;1754;BILLETEUR;23
rfoxhw@amazonaws.com;Raymond;Fox;1755;FOOD COURT;25
lgarciahx@hugedomains.com;Lawrence;Garcia;1756;KASSA;28
kfranklinhy@cornell.edu;Kelly;Franklin;1757;BILLETEUR;30
bpattersonhz@posterous.com;Bobby;Patterson;1758;FOOD COURT;3
mwatkinsi0@wiley.com;Marie;Watkins;1759;KASSA;6
bcampbelli1@mit.edu;Bobby;Campbell;1760;BILLETEUR;8
nsullivani2@cnbc.com;Norma;Sullivan;1761;FOOD COURT;10
alongi3@scribd.com;Anna;Long;1762;KASSA;13
srichardsoni4@state.gov;Scott;Richardson;1763;BILLETEUR;15
mandrewsi5@prweb.com;Mildred;Andrews;1764;FOOD COURT;17
gmorrisi6@twitter.com;Gloria;Morris;1765;KASSA;20
rmorrisi7@wiley.com;Raymond;Morris;1766;BILLETEUR;22
jmurphyi8@samsung.com;Julia;Murphy;1767;FOOD COURT;24
tcrawfordi9@so-net.ne.jp;Todd;Crawford;1768;KASSA;27
dmyersia@dyndns.org;Diana;Myers;1769;BILLETEUR;29
wgomezib@yandex.ru;Willie;Gomez;1770;FOOD COURT;2
kandrewsic@cdc.gov;Kathryn;Andrews;1771;KASSA;5
mandrewsid@dmoz.org;Mark;Andrews;1772;BILLETEUR;7
rburtonie@pinterest.com;Russell;Burton;1773;FOOD COURT;9
bsimpsonif@paginegialle.it;Bruce;Simpson;1774;KASSA;12
bchapmanig@amazon.com;Bobby;Chapman;1775;BILLETEUR;14
emooreih@macromedia.com;Earl;Moore;1776;FOOD COURT;16
mryanii@paginegialle.it;Matthew;Ryan;1777;KASSA;19
cpriceij@uiuc.edu;Carolyn;Price;1778;BILLETEUR;21
jrichardsik@hhs.gov;Jean;Richards;1779;FOOD COURT;23
smarshallil@quantcast.com;Shirley;Marshall;1780;KASSA;26
tgonzalezim@quantcast.com;Theresa;Gonzalez;1781;BILLETEUR;28
foliverin@google.ru;Frank;Oliver;1782;FOOD COURT;30
rhartio@ucoz.com;Ralph;Hart;1783;KASSA;4
rdiazip@jugem.jp;Rachel;Diaz;1784;BILLETEUR;6
apowelliq@discuz.net;Adam;Powell;1785;FOOD COURT;8
bfordir@cyberchimps.com;Bobby;Ford;1786;KASSA;11
estephensis@friendfeed.com;Edward;Stephens;1787;BILLETEUR;13
jrussellit@examiner.com;Joseph;Russell;1788;FOOD COURT;15
emitchelliu@vkontakte.ru;Emily;Mitchell;1789;KASSA;18
vfowleriv@tripadvisor.com;Virginia;Fowler;1790;BILLETEUR;20
dgordoniw@themeforest.net;Doris;Gordon;1791;FOOD COURT;22
jbanksix@over-blog.com;Jean;Banks;1792;KASSA;25
mcooperiy@mysql.com;Maria;Cooper;1793;BILLETEUR;27
chuntiz@sfgate.com;Charles;Hunt;1794;FOOD COURT;29
kalvarezj0@list-manage.com;Kathleen;Alvarez;1795;KASSA;3
cbakerj1@time.com;Cynthia;Baker;1796;BILLETEUR;5
lpetersj2@is.gd;Lawrence;Peters;1797;FOOD COURT;7
jpalmerj3@fc2.com;Jacqueline;Palmer;1798;KASSA;10
lkimj4@so-net.ne.jp;Lillian;Kim;1799;BILLETEUR;12
eblackj5@home.pl;Edward;Black;1800;FOOD COURT;14
mvasquezj6@japanpost.jp;Matthew;Vasquez;1801;KASSA;17
jgilbertj7@icio.us;Jean;Gilbert;1802;BILLETEUR;19
cphillipsj8@apple.com;Craig;Phillips;1803;FOOD COURT;21
kwoodj9@goodreads.com;Kathryn;Wood;1804;KASSA;24
jwatsonja@engadget.com;Joan;Watson;1805;BILLETEUR;26
ekelleyjb@ftc.gov;Earl;Kelley;1806;FOOD COURT;28
hpetersjc@cbsnews.com;Harold;Peters;1807;KASSA;2
jyoungjd@constantcontact.com;Jeremy;Young;1808;BILLETEUR;4
lgonzalezje@friendfeed.com;Larry;Gonzalez;1809;FOOD COURT;6
bcookjf@chronoengine.com;Bonnie;Cook;1810;KASSA;9
preedjg@opera.com;Pamela;Reed;1811;BILLETEUR;11
kryanjh@ibm.com;Katherine;Ryan;1812;FOOD COURT;13
hjacksonji@virginia.edu;Helen;Jackson;1813;KASSA;16
rdiazjj@salon.com;Robin;Diaz;1814;BILLETEUR;18
bgonzalesjk@army.mil;Betty;Gonzales;1815;FOOD COURT;20
rreyesjl@ucsd.edu;Rebecca;Reyes;1816;KASSA;23
soliverjm@1688.com;Shirley;Oliver;1817;BILLETEUR;25
bgibsonjn@t.co;Bruce;Gibson;1818;FOOD COURT;27
sperkinsjo@virginia.edu;Stephen;Perkins;1819;KASSA;30
tmeyerjp@yahoo.co.jp;Tina;Meyer;1820;BILLETEUR;3
jmcdonaldjq@engadget.com;Jason;Mcdonald;1821;FOOD COURT;5
jmcdonaldjr@opensource.org;Jack;Mcdonald;1822;KASSA;8
rcruzjs@discuz.net;Roger;Cruz;1823;BILLETEUR;10
mgeorgejt@dell.com;Marie;George;1824;FOOD COURT;12
rbishopju@cam.ac.uk;Raymond;Bishop;1825;KASSA;15
rperezjv@unesco.org;Robin;Perez;1826;BILLETEUR;17
pcastillojw@paypal.com;Phillip;Castillo;1827;FOOD COURT;19
ecampbelljx@google.co.jp;Eugene;Campbell;1828;KASSA;22
hfergusonjy@1688.com;Howard;Ferguson;1829;BILLETEUR;24
sharperjz@tmall.com;Samuel;Harper;1830;FOOD COURT;26
fbaileyk0@scribd.com;Frances;Bailey;1831;KASSA;29
apalmerk1@ft.com;Aaron;Palmer;1832;BILLETEUR;2
bsimsk2@go.com;Beverly;Sims;1833;FOOD COURT;4
mleek3@hatena.ne.jp;Martha;Lee;1834;KASSA;7
jwardk4@redcross.org;Jessica;Ward;1835;BILLETEUR;9
ccooperk5@yahoo.co.jp;Carol;Cooper;1836;FOOD COURT;11
aknightk6@merriam-webster.com;Andrew;Knight;1837;KASSA;14
chansenk7@craigslist.org;Cheryl;Hansen;1838;BILLETEUR;16
tperezk8@cisco.com;Tina;Perez;1839;FOOD COURT;18
mrussellk9@icq.com;Maria;Russell;1840;KASSA;21
lfowlerka@cnn.com;Lillian;Fowler;1841;BILLETEUR;23
mjohnstonkb@dropbox.com;Mark;Johnston;1842;FOOD COURT;25
dlarsonkc@csmonitor.com;Donna;Larson;1843;KASSA;28
rrobertsonkd@github.com;Rebecca;Robertson;1844;BILLETEUR;30
bjohnstonke@epa.gov;Brandon;Johnston;1845;FOOD COURT;3
awelchkf@wiley.com;Annie;Welch;1846;KASSA;6
cryankg@pbs.org;Charles;Ryan;1847;BILLETEUR;8
pmurphykh@sitemeter.com;Phillip;Murphy;1848;FOOD COURT;10
kkingki@reference.com;Kimberly;King;1849;KASSA;13
lhansenkj@indiegogo.com;Louise;Hansen;1850;BILLETEUR;15
cbowmankk@drupal.org;Cynthia;Bowman;1851;FOOD COURT;17
hwrightkl@plala.or.jp;Harry;Wright;1852;KASSA;20
welliottkm@squidoo.com;William;Elliott;1853;BILLETEUR;22
bshawkn@printfriendly.com;Brian;Shaw;1854;FOOD COURT;24
dburtonko@trellian.com;Daniel;Burton;1855;KASSA;27
gpalmerkp@360.cn;Gary;Palmer;1856;BILLETEUR;29
cholmeskq@comcast.net;Carlos;Holmes;1857;FOOD COURT;2
hsimmonskr@earthlink.net;Henry;Simmons;1858;KASSA;5
jpowellks@angelfire.com;Janice;Powell;1859;BILLETEUR;7
lelliskt@businessweek.com;Linda;Ellis;1860;FOOD COURT;9
eharveyku@sciencedirect.com;Elizabeth;Harvey;1861;KASSA;12
jramirezkv@posterous.com;Judy;Ramirez;1862;BILLETEUR;14
wjohnsonkw@woothemes.com;Walter;Johnson;1863;FOOD COURT;16
ahuntkx@cbslocal.com;Anne;Hunt;1864;KASSA;19
ldavisky@spotify.com;Lois;Davis;1865;BILLETEUR;21
cdanielskz@yolasite.com;Chris;Daniels;1866;FOOD COURT;23
jwestl0@mysql.com;Jeffrey;West;1867;KASSA;26
jgreenl1@usatoday.com;Jerry;Green;1868;BILLETEUR;28
jwoodl2@craigslist.org;Jack;Wood;1869;FOOD COURT;30
mcunninghaml3@skyrock.com;Martin;Cunningham;1870;KASSA;4
pjenkinsl4@jugem.jp;Phillip;Jenkins;1871;BILLETEUR;6
crayl5@who.int;Cheryl;Ray;1872;FOOD COURT;8
sberryl6@4shared.com;Susan;Berry;1873;KASSA;11
rwilsonl7@ovh.net;Roger;Wilson;1874;BILLETEUR;13
dburkel8@theglobeandmail.com;David;Burke;1875;FOOD COURT;15
kperkinsl9@mac.com;Keith;Perkins;1876;KASSA;18
fschmidtla@mayoclinic.com;Fred;Schmidt;1877;BILLETEUR;20
gknightlb@businessinsider.com;Gary;Knight;1878;FOOD COURT;22
alonglc@marriott.com;Alice;Long;1879;KASSA;25
spierceld@nbcnews.com;Samuel;Pierce;1880;BILLETEUR;27
hhicksle@businesswire.com;Helen;Hicks;1881;FOOD COURT;29
slynchlf@ycombinator.com;Shawn;Lynch;1882;KASSA;3
dolsonlg@is.gd;Doris;Olson;1883;BILLETEUR;5
jcunninghamlh@studiopress.com;Jose;Cunningham;1884;FOOD COURT;7
afullerli@tiny.cc;Albert;Fuller;1885;KASSA;10
swilsonlj@gizmodo.com;Stephanie;Wilson;1886;BILLETEUR;12
edeanlk@ibm.com;Evelyn;Dean;1887;FOOD COURT;14
dchavezll@booking.com;Daniel;Chavez;1888;KASSA;17
hortizlm@mapy.cz;Heather;Ortiz;1889;BILLETEUR;19
jhicksln@who.int;Julia;Hicks;1890;FOOD COURT;21
dlonglo@oakley.com;Diana;Long;1891;KASSA;24
kscottlp@xing.com;Kenneth;Scott;1892;BILLETEUR;26
lbrownlq@friendfeed.com;Laura;Brown;1893;FOOD COURT;28
wleelr@mapquest.com;Wanda;Lee;1894;KASSA;2
mstewartls@vinaora.com;Mary;Stewart;1895;BILLETEUR;4
phunterlt@yolasite.com;Peter;Hunter;1896;FOOD COURT;6
rcampbelllu@ebay.com;Raymond;Campbell;1897;KASSA;9
rrogerslv@utexas.edu;Raymond;Rogers;1898;BILLETEUR;11
kmitchelllw@macromedia.com;Kevin;Mitchell;1899;FOOD COURT;13
jberrylx@twitpic.com;Joseph;Berry;1900;KASSA;16
jhuntly@hostgator.com;Jennifer;Hunt;1901;BILLETEUR;18
rroselz@vinaora.com;Randy;Rose;1902;FOOD COURT;20
wortizm0@wikipedia.org;Wanda;Ortiz;1903;KASSA;23
vwilsonm1@biblegateway.com;Victor;Wilson;1904;BILLETEUR;25
storresm2@google.cn;Samuel;Torres;1905;FOOD COURT;27
mryanm3@buzzfeed.com;Marilyn;Ryan;1906;KASSA;30
bduncanm4@google.ca;Barbara;Duncan;1907;BILLETEUR;3
kkimm5@reverbnation.com;Kathy;Kim;1908;FOOD COURT;5
kbrownm6@so-net.ne.jp;Kimberly;Brown;1909;KASSA;8
areidm7@nasa.gov;Annie;Reid;1910;BILLETEUR;10
jgeorgem8@nhs.uk;John;George;1911;FOOD COURT;12
lcruzm9@mayoclinic.com;Linda;Cruz;1912;KASSA;15
bgardnerma@wordpress.org;Brian;Gardner;1913;BILLETEUR;17
wnguyenmb@histats.com;Willie;Nguyen;1914;FOOD COURT;19
epiercemc@jigsy.com;Emily;Pierce;1915;KASSA;22
parnoldmd@arstechnica.com;Patricia;Arnold;1916;BILLETEUR;24
dwarrenme@de.vu;Donald;Warren;1917;FOOD COURT;26
imartinezmf@blog.com;Irene;Martinez;1918;KASSA;29
awebbmg@webs.com;Adam;Webb;1919;BILLETEUR;2
aryanmh@guardian.co.uk;Antonio;Ryan;1920;FOOD COURT;4
nmasonmi@prweb.com;Nicholas;Mason;1921;KASSA;7
jblackmj@skyrock.com;Jessica;Black;1922;BILLETEUR;9
ddiazmk@fotki.com;Daniel;Diaz;1923;FOOD COURT;11
tmartinml@cam.ac.uk;Tammy;Martin;1924;KASSA;14
amurraymm@ox.ac.uk;Arthur;Murray;1925;BILLETEUR;16
dfoxmn@e-recht24.de;Douglas;Fox;1926;FOOD COURT;18
larnoldmo@xing.com;Lisa;Arnold;1927;KASSA;21
dcarpentermp@sogou.com;Debra;Carpenter;1928;BILLETEUR;23
jpalmermq@gnu.org;Jason;Palmer;1929;FOOD COURT;25
cfraziermr@bloglovin.com;Christina;Frazier;1930;KASSA;28
devansms@uol.com.br;Diana;Evans;1931;BILLETEUR;30
dfraziermt@tuttocitta.it;Denise;Frazier;1932;FOOD COURT;3
slittlemu@businessweek.com;Samuel;Little;1933;KASSA;6
jhayesmv@godaddy.com;Jack;Hayes;1934;BILLETEUR;8
whayesmw@youku.com;Willie;Hayes;1935;FOOD COURT;10
bbowmanmx@china.com.cn;Billy;Bowman;1936;KASSA;13
acunninghammy@uiuc.edu;Andrew;Cunningham;1937;BILLETEUR;15
chernandezmz@bbc.co.uk;Craig;Hernandez;1938;FOOD COURT;17
ccolemann0@naver.com;Carol;Coleman;1939;KASSA;20
areynoldsn1@usa.gov;Andrea;Reynolds;1940;BILLETEUR;22
dgardnern2@pcworld.com;David;Gardner;1941;FOOD COURT;24
rlarsonn3@cnn.com;Randy;Larson;1942;KASSA;27
jcampbelln4@nsw.gov.au;Johnny;Campbell;1943;BILLETEUR;29
vrichardsonn5@imgur.com;Virginia;Richardson;1944;FOOD COURT;2
bperryn6@ameblo.jp;Billy;Perry;1945;KASSA;5
dgarrettn7@unblog.fr;Donna;Garrett;1946;BILLETEUR;7
mparkern8@irs.gov;Margaret;Parker;1947;FOOD COURT;9
hnicholsn9@photobucket.com;Henry;Nichols;1948;KASSA;12
jhillna@mashable.com;Julia;Hill;1949;BILLETEUR;14
pfloresnb@sakura.ne.jp;Patricia;Flores;1950;FOOD COURT;16
cwheelernc@live.com;Clarence;Wheeler;1951;KASSA;19
chansennd@nasa.gov;Craig;Hansen;1952;BILLETEUR;21
rfoxne@sphinn.com;Ralph;Fox;1953;FOOD COURT;23
aramosnf@last.fm;Angela;Ramos;1954;KASSA;26
mfranklinng@soundcloud.com;Marilyn;Franklin;1955;BILLETEUR;28
bgilbertnh@technorati.com;Bruce;Gilbert;1956;FOOD COURT;30
fpetersni@usda.gov;Frank;Peters;1957;KASSA;4
jbutlernj@ibm.com;Jack;Butler;1958;BILLETEUR;6
gwestnk@cam.ac.uk;Gary;West;1959;FOOD COURT;8
cboydnl@friendfeed.com;Christine;Boyd;1960;KASSA;11
jpattersonnm@deviantart.com;Jose;Patterson;1961;BILLETEUR;13
bkelleynn@weather.com;Brian;Kelley;1962;FOOD COURT;15
jpierceno@dedecms.com;Jeremy;Pierce;1963;KASSA;18
rjordannp@google.com.br;Rebecca;Jordan;1964;BILLETEUR;20
jfieldsnq@cmu.edu;Jason;Fields;1965;FOOD COURT;22
pwashingtonnr@nifty.com;Paula;Washington;1966;KASSA;25
dmarshallns@wired.com;Dorothy;Marshall;1967;BILLETEUR;27
mmitchellnt@google.fr;Marilyn;Mitchell;1968;FOOD COURT;29
dreidnu@geocities.com;Diane;Reid;1969;KASSA;3
ngarcianv@domainmarket.com;Nicole;Garcia;1970;BILLETEUR;5
kbrownnw@bloglines.com;Katherine;Brown;1971;FOOD COURT;7
rschmidtnx@goo.ne.jp;Robert;Schmidt;1972;KASSA;10
dwhiteny@google.com.hk;Denise;White;1973;BILLETEUR;12
rrosenz@qq.com;Robin;Rose;1974;FOOD COURT;14
aalleno0@barnesandnoble.com;Andrew;Allen;1975;KASSA;17
lmartino1@time.com;Larry;Martin;1976;BILLETEUR;19
cwardo2@google.pl;Catherine;Ward;1977;FOOD COURT;21
mbishopo3@paginegialle.it;Michael;Bishop;1978;KASSA;24
pburtono4@4shared.com;Phillip;Burton;1979;BILLETEUR;26
egardnero5@blog.com;Emily;Gardner;1980;FOOD COURT;28
jgarzao6@dot.gov;Jack;Garza;1981;KASSA;2
jgordono7@timesonline.co.uk;Julie;Gordon;1982;BILLETEUR;4
hbrowno8@microsoft.com;Howard;Brown;1983;FOOD COURT;6
mcartero9@slate.com;Mark;Carter;1984;KASSA;9
tgriffinoa@arizona.edu;Terry;Griffin;1985;BILLETEUR;11
rparkerob@amazon.co.uk;Ronald;Parker;1986;FOOD COURT;13
rschmidtoc@noaa.gov;Roger;Schmidt;1987;KASSA;16
blewisod@cdc.gov;Benjamin;Lewis;1988;BILLETEUR;18
mduncanoe@yale.edu;Marilyn;Duncan;1989;FOOD COURT;20
pmartinezof@360.cn;Peter;Martinez;1990;KASSA;23
wolsonog@ifeng.com;William;Olson;1991;BILLETEUR;25
djonesoh@nbcnews.com;Donald;Jones;1992;FOOD COURT;27
kyoungoi@about.com;Kenneth;Young;1993;KASSA;30
thicksoj@hhs.gov;Todd;Hicks;1994;BILLETEUR;3
sperkinsok@mapquest.com;Stephen;Perkins;1995;FOOD COURT;5
pgarrettol@chronoengine.com;Patrick;Garrett;1996;KASSA;8
tfoxom@noaa.gov;Thomas;Fox;1997;BILLETEUR;10
rpayneon@smugmug.com;Robin;Payne;1998;FOOD COURT;12
tknightoo@miitbeian.gov.cn;Timothy;Knight;1999;KASSA;15
joliverop@bravesites.com;Janet;Oliver;2000;BILLETEUR;17
mberryoq@acquirethisname.com;Matthew;Berry;2001;FOOD COURT;19
prichardsor@artisteer.com;Pamela;Richards;2002;KASSA;22
rbanksos@wikia.com;Ralph;Banks;2003;BILLETEUR;24
bedwardsot@nsw.gov.au;Brandon;Edwards;2004;FOOD COURT;26
vhudsonou@myspace.com;Virginia;Hudson;2005;KASSA;29
jvasquezov@salon.com;Joseph;Vasquez;2006;BILLETEUR;2
lbellow@census.gov;Lawrence;Bell;2007;FOOD COURT;4
jwatkinsox@fotki.com;Johnny;Watkins;2008;KASSA;7
rmooreoy@smugmug.com;Randy;Moore;2009;BILLETEUR;9
asnyderoz@ifeng.com;Aaron;Snyder;2010;FOOD COURT;11
jburkep0@dyndns.org;Jacqueline;Burke;2011;KASSA;14
sharrisp1@spotify.com;Stephen;Harris;2012;BILLETEUR;16
cwheelerp2@wikispaces.com;Craig;Wheeler;2013;FOOD COURT;18
jporterp3@wikispaces.com;Jack;Porter;2014;KASSA;21
wwarrenp4@netvibes.com;Wayne;Warren;2015;BILLETEUR;23
charperp5@npr.org;Carol;Harper;2016;FOOD COURT;25
frobinsonp6@amazon.com;Frances;Robinson;2017;KASSA;28
jgrantp7@flickr.com;Justin;Grant;2018;BILLETEUR;30
bbellp8@so-net.ne.jp;Beverly;Bell;2019;FOOD COURT;3
scooperp9@istockphoto.com;Samuel;Cooper;2020;KASSA;6
jgutierrezpa@washington.edu;Judy;Gutierrez;2021;BILLETEUR;8
klawsonpb@prnewswire.com;Kenneth;Lawson;2022;FOOD COURT;10
jberrypc@unesco.org;Jeremy;Berry;2023;KASSA;13
kgutierrezpd@mysql.com;Kevin;Gutierrez;2024;BILLETEUR;15
ewellspe@aboutads.info;Elizabeth;Wells;2025;FOOD COURT;17
ngriffinpf@cpanel.net;Nicholas;Griffin;2026;KASSA;20
pharveypg@macromedia.com;Patrick;Harvey;2027;BILLETEUR;22
rriceph@oakley.com;Robin;Rice;2028;FOOD COURT;24
gmccoypi@clickbank.net;Gloria;Mccoy;2029;KASSA;27
nrogerspj@bloglovin.com;Nicole;Rogers;2030;BILLETEUR;29
fcolemanpk@hud.gov;Frank;Coleman;2031;FOOD COURT;2
jfordpl@pagesperso-orange.fr;Judith;Ford;2032;KASSA;5
dgarzapm@shop-pro.jp;Doris;Garza;2033;BILLETEUR;7
cbradleypn@wisc.edu;Catherine;Bradley;2034;FOOD COURT;9
fmartinpo@geocities.jp;Fred;Martin;2035;KASSA;12
awatsonpp@livejournal.com;Albert;Watson;2036;BILLETEUR;14
dstanleypq@tuttocitta.it;Dorothy;Stanley;2037;FOOD COURT;16
wthompsonpr@economist.com;William;Thompson;2038;KASSA;19
icoxps@addtoany.com;Irene;Cox;2039;BILLETEUR;21
jdanielspt@ucoz.com;Jason;Daniels;2040;FOOD COURT;23
fporterpu@pen.io;Frances;Porter;2041;KASSA;26
mpowellpv@freewebs.com;Mary;Powell;2042;BILLETEUR;28
cmcdonaldpw@sogou.com;Cynthia;Mcdonald;2043;FOOD COURT;30
srobertspx@eventbrite.com;Sarah;Roberts;2044;KASSA;4
amillerpy@mit.edu;Adam;Miller;2045;BILLETEUR;6
sryanpz@mayoclinic.com;Sarah;Ryan;2046;FOOD COURT;8
awashingtonq0@dyndns.org;Andrew;Washington;2047;KASSA;11
pbryantq1@archive.org;Paul;Bryant;2048;BILLETEUR;13
sharrisonq2@latimes.com;Sean;Harrison;2049;FOOD COURT;15
arichardsq3@sphinn.com;Arthur;Richards;2050;KASSA;18
njacobsq4@cpanel.net;Norma;Jacobs;2051;BILLETEUR;20
nmurrayq5@mayoclinic.com;Norma;Murray;2052;FOOD COURT;22
fcarrq6@cafepress.com;Frank;Carr;2053;KASSA;25
dromeroq7@kickstarter.com;Daniel;Romero;2054;BILLETEUR;27
cwatkinsq8@blogger.com;Cynthia;Watkins;2055;FOOD COURT;29
abaileyq9@deliciousdays.com;Anthony;Bailey;2056;KASSA;3
acampbellqa@usa.gov;Angela;Campbell;2057;BILLETEUR;5
kfowlerqb@hhs.gov;Kimberly;Fowler;2058;FOOD COURT;7
pwestqc@bandcamp.com;Patricia;West;2059;KASSA;10
smitchellqd@scribd.com;Sara;Mitchell;2060;BILLETEUR;12
lstoneqe@jalbum.net;Louis;Stone;2061;FOOD COURT;14
swestqf@ucoz.ru;Stephanie;West;2062;KASSA;17
mromeroqg@mozilla.org;Mary;Romero;2063;BILLETEUR;19
bwheelerqh@360.cn;Betty;Wheeler;2064;FOOD COURT;21
lfisherqi@ted.com;Laura;Fisher;2065;KASSA;24
rschmidtqj@shareasale.com;Roger;Schmidt;2066;BILLETEUR;26
dbowmanqk@europa.eu;Denise;Bowman;2067;FOOD COURT;28
spriceql@oakley.com;Sarah;Price;2068;KASSA;2
dhughesqm@cbsnews.com;David;Hughes;2069;BILLETEUR;4
smoralesqn@ibm.com;Steve;Morales;2070;FOOD COURT;6
lcruzqo@amazonaws.com;Lois;Cruz;2071;KASSA;9
areedqp@sphinn.com;Amanda;Reed;2072;BILLETEUR;11
dfieldsqq@discuz.net;Donald;Fields;2073;FOOD COURT;13
jbradleyqr@purevolume.com;Jennifer;Bradley;2074;KASSA;16
awhiteqs@mac.com;Anne;White;2075;BILLETEUR;18
glewisqt@fastcompany.com;Gerald;Lewis;2076;FOOD COURT;20
bpetersonqu@domainmarket.com;Brenda;Peterson;2077;KASSA;23
wwelchqv@altervista.org;William;Welch;2078;BILLETEUR;25
lpriceqw@wikimedia.org;Lori;Price;2079;FOOD COURT;27
asandersqx@fc2.com;Albert;Sanders;2080;KASSA;30
jmorrisqy@spiegel.de;Julie;Morris;2081;BILLETEUR;3
poliverqz@usa.gov;Paul;Oliver;2082;FOOD COURT;5
eclarkr0@ustream.tv;Emily;Clark;2083;KASSA;8
gdunnr1@topsy.com;Gerald;Dunn;2084;BILLETEUR;10
cbrownr2@elpais.com;Christine;Brown;2085;FOOD COURT;12
emurrayr3@blogger.com;Edward;Murray;2086;KASSA;15
mmitchellr4@gmpg.org;Martha;Mitchell;2087;BILLETEUR;17
kmorganr5@gmpg.org;Kathleen;Morgan;2088;FOOD COURT;19
estanleyr6@berkeley.edu;Eugene;Stanley;2089;KASSA;22
cstoner7@utexas.edu;Catherine;Stone;2090;BILLETEUR;24
bgreener8@instagram.com;Benjamin;Greene;2091;FOOD COURT;26
shamiltonr9@mapquest.com;Shirley;Hamilton;2092;KASSA;29
jwrightra@tiny.cc;Jane;Wright;2093;BILLETEUR;2
dpetersonrb@bluehost.com;Deborah;Peterson;2094;FOOD COURT;4
ahawkinsrc@sitemeter.com;Annie;Hawkins;2095;KASSA;7
rhendersonrd@netvibes.com;Roy;Henderson;2096;BILLETEUR;9
wbrownre@skyrock.com;Walter;Brown;2097;FOOD COURT;11
hthompsonrf@blog.com;Harold;Thompson;2098;KASSA;14
lberryrg@taobao.com;Lillian;Berry;2099;BILLETEUR;16
dgordonrh@myspace.com;Diane;Gordon;2100;FOOD COURT;18
lthompsonri@unesco.org;Linda;Thompson;2101;KASSA;21
jlanerj@mediafire.com;Julia;Lane;2102;BILLETEUR;23
acoxrk@infoseek.co.jp;Anne;Cox;2103;FOOD COURT;25
afreemanrl@walmart.com;Angela;Freeman;2104;KASSA;28
ehenryrm@msu.edu;Elizabeth;Henry;2105;BILLETEUR;30
dburnsrn@list-manage.com;Diana;Burns;2106;FOOD COURT;3
slongro@bloglines.com;Sara;Long;2107;KASSA;6
dporterrp@comsenz.com;Denise;Porter;2108;BILLETEUR;8
pdavisrq@trellian.com;Patrick;Davis;2109;FOOD COURT;10
pbaileyrr@unesco.org;Paul;Bailey;2110;KASSA;30