rgilbert0@google.cn;Ruby;Gilbert;hnichols0;sG4w4rbf;1
gstevens1@accuweather.com;Gerald;Stevens;rhicks1;0GpdKVNa6jmb;2
dhudson2@joomla.org;Diana;Hudson;jclark2;QPlXKkNDWo;3
tgraham3@arizona.edu;Terry;Graham;jclark3;gYqpjAkpEbAH;4
pdaniels4@canalblog.com;Peter;Daniels;khenry4;otFxpi;5
dhughes5@slashdot.org;Dennis;Hughes;amiller5;eLUxIqfEo;6
rwilliams6@netlog.com;Rebecca;Williams;malexander6;cuKc044NpJ;7
jmills7@usda.gov;Jane;Mills;kflores7;Z8mCPVfD;8
preynolds8@paypal.com;Philip;Reynolds;lpierce8;kTiyuLv6N;9
sstewart9@dagondesign.com;Sandra;Stewart;areed9;w6qic8N;10
jhowella@imageshack.us;Julia;Howell;dbaileya;SYRze7z7G;11
vrichardsb@house.gov;Victor;Richards;jcastillob;ZjPGRwps8gD;12
holsonc@flavors.me;Henry;Olson;lfordc;5OA9Y93IX;13
tlaned@twitpic.com;Todd;Lane;ahernandezd;44OJzT3b8kx;14
jkennedye@arizona.edu;Joan;Kennedy;rjohnstone;TUTnbfgaCDd;15
rsimsf@ox.ac.uk;Rachel;Sims;hpowellf;c1OCokdxkZ5W;16
vfrazierg@sphinn.com;Virginia;Frazier;rburtong;C7pY5U0Efy;17
ejacksonh@guardian.co.uk;Ernest;Jackson;jbrooksh;UP6ZQgXK4B;18
afieldsi@spotify.com;Arthur;Fields;jwatkinsi;MDzSn9n3;19
dlynchj@woothemes.com;David;Lynch;knelsonj;lfA4938wzb;20
cwheelerk@twitpic.com;Christopher;Wheeler;ebarnesk;Rbp7zHE7HQ;21
mhicksl@google.com.au;Melissa;Hicks;jsmithl;nLCOpP7EyZ;22
tmitchellm@imdb.com;Terry;Mitchell;pgriffinm;XYQwfm1;23
jgomezn@kickstarter.com;Jean;Gomez;hallenn;vMB6R5x;24
nsimpsono@reverbnation.com;Nicole;Simpson;rmitchello;2w56Db;25
lbarnesp@vistaprint.com;Larry;Barnes;mcooperp;uGlMgS;26
wgarrettq@mac.com;Wanda;Garrett;arobinsonq;sqMVeNu2XxJ;27
rricer@acquirethisname.com;Ruth;Rice;mdunnr;alo4pOhZVaA;28
kgomezs@marketwatch.com;Karen;Gomez;wfowlers;CAKffu4XT6;29
dwilliamsont@reverbnation.com;David;Williamson;bedwardst;Idliqn;30
mromerou@google.pl;Martha;Romero;jhansenu;jQ9om50VPQF;31
jkingv@w3.org;Jeremy;King;jpiercev;uvZmaHVE5B;32
mhughesw@youtube.com;Martin;Hughes;dpowellw;07OauZjqc2;33
lelliottx@pinterest.com;Lisa;Elliott;wriverax;N1iV7S;34
mmoorey@technorati.com;Margaret;Moore;tramosy;aEZeBd;35
lturnerz@mozilla.org;Laura;Turner;rhendersonz;fhM7AUb8sb;36
kjackson10@ft.com;Kelly;Jackson;dmorgan10;TBw1D98b3;37
ehunter11@printfriendly.com;Elizabeth;Hunter;rhudson11;aQpJ2b5PP;38
rbaker12@ocn.ne.jp;Raymond;Baker;lfrazier12;7zuc2I;39
bpeterson13@shareasale.com;Benjamin;Peterson;dpierce13;0HerYlmEX;40
lgarcia14@mashable.com;Lois;Garcia;jwelch14;MsZjIooxUz;41
slopez15@wix.com;Sara;Lopez;mford15;F4JNcjhWtaNO;42
snelson16@irs.gov;Steve;Nelson;rwatson16;7EvqBGOGf;43
tlewis17@buzzfeed.com;Tammy;Lewis;pperkins17;ySr1IIwjjpjS;44
jmoore18@china.com.cn;Jason;Moore;jpowell18;4EA1lHS;45
phenry19@moonfruit.com;Philip;Henry;ajohnston19;5mE9yeI4;46
swilliams1a@squarespace.com;Shawn;Williams;rriley1a;ePWDUFPgx9uo;47
lmccoy1b@ted.com;Larry;Mccoy;amason1b;do1IUOHtn;48
lferguson1c@deliciousdays.com;Lisa;Ferguson;lpalmer1c;8zTSiOOS;49
gpalmer1d@jimdo.com;Gary;Palmer;cberry1d;eMIhyLA;50
ewalker1e@booking.com;Emily;Walker;mbishop1e;QtdjxC9oESR;1
ebaker1f@apple.com;Evelyn;Baker;dhenderson1f;qMjejXwy;2
jbradley1g@mediafire.com;Julie;Bradley;lwatkins1g;m1wZae;3
sfreeman1h@nps.gov;Stephen;Freeman;cwells1h;YNexumdAt94;4
lsnyder1i@adobe.com;Lori;Snyder;jbailey1i;nuF64SdANc8N;5
agonzales1j@amazonaws.com;Amy;Gonzales;rsullivan1j;rfeh9hNeVs;6
rramirez1k@shareasale.com;Ryan;Ramirez;jdean1k;rFefgJQiK;7
lking1l@edublogs.org;Linda;King;bdunn1l;1x5MQh9ScmSR;8
bpeterson1m@istockphoto.com;Benjamin;Peterson;pross1m;1mISVF2qR;9
hrodriguez1n@over-blog.com;Harry;Rodriguez;eperkins1n;ioKcY3M;10
cdaniels1o@fda.gov;Carol;Daniels;jjordan1o;WxgIIz1t20;11
nfowler1p@sourceforge.net;Nancy;Fowler;jjohnston1p;8unY3H6zdBIt;12
jlane1q@spiegel.de;Joshua;Lane;crodriguez1q;NWPDnSpY;13
lgarcia1r@hexun.com;Lisa;Garcia;jryan1r;gQ8595okS3SG;14
pmitchell1s@washingtonpost.com;Paul;Mitchell;dfields1s;KArJhTalJMy;15
dkelly1t@europa.eu;David;Kelly;ksmith1t;9rd882N4PNHM;16
charrison1u@yandex.ru;Craig;Harrison;alittle1u;gjO7G6F;17
dhudson1v@amazon.co.jp;Diane;Hudson;jgraham1v;LFAQC1;18
hdavis1w@google.com.br;Howard;Davis;rdean1w;0GTv7sHKnFV;19
mwarren1x@bbb.org;Melissa;Warren;jmontgomery1x;Z12R4Xd;20
dwatson1y@gmpg.org;Deborah;Watson;aellis1y;NsJrUN;21
galexander1z@berkeley.edu;Gerald;Alexander;sreid1z;u99YuPj;22
mcrawford20@paginegialle.it;Maria;Crawford;rfisher20;XFRTplNqU7y;23
mjackson21@opera.com;Margaret;Jackson;sking21;Nc1Zex7tX5f;24
sboyd22@china.com.cn;Sandra;Boyd;dbarnes22;GlxTEGaZ;25
bhansen23@bbc.co.uk;Billy;Hansen;rrose23;9xgY1kGizji;26
swagner24@seesaa.net;Scott;Wagner;ltucker24;uyWJ1k;27
falvarez25@nsw.gov.au;Fred;Alvarez;chayes25;iZGJrJoI;28
aburns26@slate.com;Andrew;Burns;druiz26;8nK8CZVHSy;29
drice27@alexa.com;Donna;Rice;polson27;8SfcfYSb;30
srogers28@vkontakte.ru;Shawn;Rogers;areed28;WXQk5Rfgj6;31
rwilliamson29@hud.gov;Ryan;Williamson;janderson29;9gQMVlV3hLm;32
aalvarez2a@amazon.co.jp;Arthur;Alvarez;pdavis2a;KcwSDK;33
jhunter2b@feedburner.com;Julie;Hunter;atucker2b;sKozg55umKh;34
pharper2c@mashable.com;Philip;Harper;bnelson2c;uFoEF3cNop4;35
atucker2d@netvibes.com;Ashley;Tucker;prose2d;PbLmhji2;36
shicks2e@wisc.edu;Sarah;Hicks;dbishop2e;DN0nKqv;37
snelson2f@vinaora.com;Shawn;Nelson;amatthews2f;O0xGqo57Kl;38
ehudson2g@marketwatch.com;Evelyn;Hudson;sdixon2g;Y0BttYMlbl;39
sgonzales2h@deviantart.com;Steven;Gonzales;aadams2h;GUdaWfpJ;40
kcox2i@purevolume.com;Kathryn;Cox;nbanks2i;kfpVoX5vyaSx;41
hwest2j@wordpress.org;Howard;West;jboyd2j;XqcvCiDkf;42
arobinson2k@arizona.edu;Anna;Robinson;sweaver2k;3Z1fivf;43
dturner2l@ihg.com;Daniel;Turner;jmurphy2l;ZaSJxfT9;44
lvasquez2m@chron.com;Lori;Vasquez;rlee2m;2uKQfkSLLVz;45
mlong2n@linkedin.com;Michael;Long;slawson2n;KawXSPpzXTfH;46
mwright2o@whitehouse.gov;Michelle;Wright;ggrant2o;85iKMsXQuc;47
shawkins2p@liveinternet.ru;Scott;Hawkins;myoung2p;GDVH3fOvk6;48
tbell2q@aboutads.info;Tammy;Bell;trivera2q;hUptjf5w7FV;49
bbailey2r@nyu.edu;Bonnie;Bailey;eperry2r;RZi7p2TGSjFf;0
bfox2s@livejournal.com;Brenda;Fox;mvasquez2s;ksiKLnGJ;1
rrichards2t@army.mil;Ruby;Richards;dgardner2t;eI1ulCMd6;2
krodriguez2u@aboutads.info;Katherine;Rodriguez;iwright2u;isVMrhS;3
dromero2v@1688.com;Douglas;Romero;frice2v;mLm0zDks;4
rhicks2w@google.ca;Richard;Hicks;bmurray2w;H7Z6Jo0nNzu;5
barmstrong2x@nhs.uk;Bonnie;Armstrong;egomez2x;OCqvCm1X0Y;6
alopez2y@nih.gov;Andrew;Lopez;ljordan2y;3KOCWv8;7
saustin2z@businessinsider.com;Scott;Austin;jbowman2z;U61gnERhLH;8
jjackson30@51.la;Jason;Jackson;bolson30;nWoJwhv1JRa;9
tweaver31@foxnews.com;Tammy;Weaver;tharvey31;snpd42Y;10
mbennett32@usda.gov;Maria;Bennett;bolson32;oKmL0CIcsL;11
awelch33@unesco.org;Anna;Welch;ageorge33;FU0Ugy;12
ediaz34@typepad.com;Eugene;Diaz;nhall34;x930xpU5C;13
ncastillo35@cdc.gov;Nicholas;Castillo;lsanchez35;I41Jok;14
rmills36@godaddy.com;Rachel;Mills;fmarshall36;lZark9X;15
ewagner37@gizmodo.com;Ernest;Wagner;athomas37;7hqU9VJ;16
ledwards38@ask.com;Laura;Edwards;kmeyer38;tqhkVs5;17
cfields39@wikimedia.org;Catherine;Fields;jward39;NOlFmD3IG;18
jfreeman3a@baidu.com;Jeremy;Freeman;lburke3a;UQWvQcaqkCI;19
afernandez3b@aboutads.info;Andrew;Fernandez;bperry3b;GLKq5Y9q;20
jmurphy3c@microsoft.com;Judy;Murphy;gfisher3c;D0q6RbgaA;21
jnguyen3d@de.vu;Jimmy;Nguyen;rwood3d;LgYhE6PoXMRj;22
afox3e@vk.com;Aaron;Fox;ahudson3e;qMjyqbSb;23
epayne3f@house.gov;Earl;Payne;panderson3f;VWktDuEt;24
dwoods3g@mac.com;Dennis;Woods;awhite3g;igjob3;25
jbradley3h@ifeng.com;Joe;Bradley;clee3h;oUpccs;26
rgonzalez3i@studiopress.com;Robert;Gonzalez;jhunter3i;hjSS1Jv5Cf5;27
pfrazier3j@omniture.com;Pamela;Frazier;bhoward3j;xVRWIKnV94;28
lpayne3k@wikispaces.com;Laura;Payne;cdixon3k;J6XzJ1tRku;29
jspencer3l@buzzfeed.com;Jeremy;Spencer;klarson3l;jGmf7Szh;30
pwashington3m@goodreads.com;Patrick;Washington;cmyers3m;89RSnRCbBB;31
bbaker3n@unblog.fr;Bonnie;Baker;kcarpenter3n;09c8jWHA;32
hrobinson3o@webeden.co.uk;Henry;Robinson;tturner3o;0cPH327C;33
bphillips3p@vistaprint.com;Billy;Phillips;esims3p;2uzus1ZNAsEO;34
jhernandez3q@behance.net;Joseph;Hernandez;bgarcia3q;uMxY27;35
rcruz3r@spiegel.de;Ruby;Cruz;crice3r;flqU50wRA2;36
twilson3s@google.ca;Tina;Wilson;wburton3s;8bJ2nhZZqB5B;37
jbaker3t@flickr.com;Joshua;Baker;rgibson3t;WXErJ7;38
llong3u@nsw.gov.au;Larry;Long;jfreeman3u;CZz5CCityn;39
lrodriguez3v@ow.ly;Lois;Rodriguez;swood3v;PEkqybLvCz;40
jjohnson3w@unc.edu;John;Johnson;jbrown3w;Xoecxn1e;41
jsimmons3x@google.co.jp;Jeremy;Simmons;emorales3x;CLWhMRDu3dh;42
jcampbell3y@state.tx.us;Julia;Campbell;acastillo3y;1hDo17AO4rp;43
jharvey3z@businessinsider.com;Jack;Harvey;wwilson3z;f6QA54Od8G;44
twagner40@lycos.com;Thomas;Wagner;aturner40;tBCXZeMujFGo;45
cward41@accuweather.com;Cynthia;Ward;dferguson41;WZgw2n06;46
rhoward42@diigo.com;Russell;Howard;wpatterson42;4lb8yW03pvwo;47
blittle43@bloglines.com;Benjamin;Little;arobertson43;ou8qUwAxu;48
mgarza44@google.com.br;Maria;Garza;jperry44;RvfLm0;49
rrice45@topsy.com;Russell;Rice;pbailey45;bQpWKdVSQd;0
smurray46@wufoo.com;Stephanie;Murray;cmitchell46;2accNl96;1
hcastillo47@sciencedirect.com;Heather;Castillo;psullivan47;A2tbt3xB;2
hgonzalez48@oaic.gov.au;Howard;Gonzalez;bfrazier48;Yp5gbNmuP;3
hlarson49@printfriendly.com;Heather;Larson;rwebb49;cuzKDqDiyPH;4
swelch4a@vk.com;Steven;Welch;agreen4a;zlAXDK5;5
pbarnes4b@columbia.edu;Paul;Barnes;lbennett4b;wjUDRKWqs;6
tmoore4c@smh.com.au;Teresa;Moore;cevans4c;unMxqvMtdTrv;7
agonzalez4d@shutterfly.com;Anthony;Gonzalez;acox4d;ljPP1b3;8
sbrown4e@answers.com;Stephanie;Brown;kadams4e;xLdrXJYTbQ3;9
rfields4f@upenn.edu;Ruby;Fields;hday4f;pwpb4FCUdq;10
snelson4g@diigo.com;Stephanie;Nelson;amyers4g;5FcKkWlVhb9;11
akelly4h@nasa.gov;Andrew;Kelly;rwilson4h;PCt8qNJdqrt;12
klarson4i@netvibes.com;Katherine;Larson;fmurphy4i;SHRAWqQ7HZq;13
aharrison4j@booking.com;Alan;Harrison;thart4j;r8k33OcyKO9l;14
emccoy4k@miibeian.gov.cn;Ernest;Mccoy;sknight4k;66wp6M6v;15
bjohnson4l@nbcnews.com;Beverly;Johnson;jwood4l;K56HHkqXzoB;16
gdixon4m@blogtalkradio.com;Gregory;Dixon;jlawson4m;lVisGHQq43pj;17
mlynch4n@cnn.com;Melissa;Lynch;krivera4n;LOkh76G8U;18
ccrawford4o@auda.org.au;Carl;Crawford;scollins4o;IjVvMTi1;19
gwheeler4p@nyu.edu;George;Wheeler;wbutler4p;nKg24rmvf;20
efoster4q@vk.com;Eugene;Foster;pmccoy4q;6vCO8Z;21
wcrawford4r@hao123.com;Wanda;Crawford;tortiz4r;iOG26NeFeI;22
shawkins4s@tripadvisor.com;Shirley;Hawkins;cduncan4s;K7XDzXD;23
nscott4t@ebay.com;Norma;Scott;aholmes4t;2moNgAAC;24
aperry4u@yellowbook.com;Anthony;Perry;athompson4u;SDw5Oow7;25
gbaker4v@lycos.com;Gary;Baker;madams4v;dK1FGpW;26
rrice4w@indiegogo.com;Russell;Rice;wcarroll4w;fDlCGUjalegP;27
jbradley4x@php.net;Jonathan;Bradley;stucker4x;g4pmr77;28
rjackson4y@state.tx.us;Rebecca;Jackson;sreed4y;HrGCy5IRvydB;29
hgomez4z@t.co;Harry;Gomez;sthomas4z;YO4UAnRMdD;30
kgonzalez50@list-manage.com;Kathryn;Gonzalez;twashington50;1B0lO61ylR;31
hperez51@ocn.ne.jp;Harry;Perez;jhicks51;uVKYGKZQ;32
arose52@liveinternet.ru;Anna;Rose;palvarez52;qK6uIXLz;33
fknight53@moonfruit.com;Frances;Knight;dfox53;dBglmzOluwn;34
bharrison54@yahoo.com;Brandon;Harrison;rburton54;bPPbG6u9FA;35
kjones55@alexa.com;Kathleen;Jones;fnichols55;WGEsgWe;36
hturner56@howstuffworks.com;Harry;Turner;tward56;WgCouiZ9;37
rlynch57@sbwire.com;Roger;Lynch;ralexander57;7N79kGzbgf7X;38
cjones58@bandcamp.com;Carol;Jones;cstevens58;f4CzqrqfC4;39
klarson59@japanpost.jp;Kathy;Larson;mcole59;Pushrhbe;40
dcollins5a@hp.com;Diana;Collins;sfoster5a;YdlKIeWq9A;41
abowman5b@cbsnews.com;Andrea;Bowman;mgeorge5b;cFag3vG;42
ghughes5c@redcross.org;Gary;Hughes;jmurphy5c;l4FZ58;43
rthomas5d@youtube.com;Robert;Thomas;tduncan5d;DecQxqbJ;44
sjenkins5e@wired.com;Steven;Jenkins;ktaylor5e;qGfsmT8C5CUW;45
rdiaz5f@oracle.com;Randy;Diaz;dgreen5f;qxLaJbt;46
rjones5g@bbc.co.uk;Rose;Jones;mfox5g;Pt4P4NB;47
blawson5h@tamu.edu;Bruce;Lawson;plong5h;I5Y90hQI;48
dwilliams5i@google.com;Dorothy;Williams;rfox5i;PCsHWh;49
choward5j@cornell.edu;Chris;Howard;jwood5j;vxOTlWcXp;0
swright5k@seattletimes.com;Stephen;Wright;dalexander5k;NawzpjqnfpdD;1
ijacobs5l@yahoo.co.jp;Irene;Jacobs;lnguyen5l;WnCahQuwjx;2
jfowler5m@globo.com;Janet;Fowler;waustin5m;yE0SpeUoeR;3
jsmith5n@mozilla.org;Joseph;Smith;alee5n;VGaUjd4b;4
kramos5o@blogtalkradio.com;Kelly;Ramos;bryan5o;DqigNCMkN;5
lspencer5p@github.io;Lori;Spencer;tmendoza5p;pSNR1FU5;6
celliott5q@ocn.ne.jp;Carol;Elliott;sdunn5q;PJ3DFmpy;7
amendoza5r@twitpic.com;Ashley;Mendoza;droberts5r;t42SfO;8
hcarr5s@about.me;Heather;Carr;gortiz5s;OKifTCI5;9
bspencer5t@bbc.co.uk;Brian;Spencer;jcunningham5t;yIsXx57opdFi;10
dboyd5u@pagesperso-orange.fr;Denise;Boyd;erogers5u;TayHX8rCty;11
lpowell5v@hc360.com;Lois;Powell;apowell5v;IgVo0Q;12
fmorrison5w@bandcamp.com;Frank;Morrison;phunter5w;flrNPNy;13
award5x@amazon.de;Aaron;Ward;iwagner5x;kMDvU2xE8VlR;14
mcooper5y@shop-pro.jp;Michelle;Cooper;llong5y;GX3avyC;15
cpeterson5z@soup.io;Cheryl;Peterson;rmcdonald5z;TD0U5foywOH;16
cferguson60@hostgator.com;Christine;Ferguson;bcole60;HU1bZutw5B;17
palexander61@va.gov;Patricia;Alexander;hryan61;BtqNkbbN;18
rromero62@live.com;Robin;Romero;mcole62;BD0zSi;19
ahughes63@angelfire.com;Annie;Hughes;kgarrett63;VmoR50ah;20
jgibson64@weebly.com;Jeffrey;Gibson;brichardson64;GVQsWJQ;21
rtucker65@aol.com;Robin;Tucker;afranklin65;pr6X6D;22
srichards66@sun.com;Susan;Richards;rdavis66;POAz3DHTCv68;23
vperez67@senate.gov;Virginia;Perez;kmitchell67;wJjdECeKsUU1;24
mlewis68@sbwire.com;Michelle;Lewis;rporter68;jyY6AbDUYad;25
bhall69@wikimedia.org;Brandon;Hall;cgonzalez69;JjF8Ah1GK;26
jreid6a@g.co;John;Reid;lthompson6a;gwQ8NBmX;27
lfowler6b@indiatimes.com;Larry;Fowler;egarza6b;nU5oJIO0yqgF;28
lwhite6c@about.com;Linda;White;kweaver6c;9vRkRqv;29
ebradley6d@cloudflare.com;Evelyn;Bradley;jpalmer6d;tEWNw5;30
srichardson6e@slashdot.org;Sarah;Richardson;achapman6e;bvVuvZ;31
tfowler6f@who.int;Theresa;Fowler;jramos6f;A9uKIo;32
ewagner6g@hexun.com;Edward;Wagner;lday6g;m0B66d;33
lwallace6h@unesco.org;Lisa;Wallace;cpowell6h;6fBnFhdG4;34
jcoleman6i@umn.edu;Janet;Coleman;mwatson6i;zFbf2jE1;35
pjenkins6j@discovery.com;Philip;Jenkins;adunn6j;anhCrm9OJQdF;36
mcarr6k@ow.ly;Matthew;Carr;ghayes6k;Yp3A9W4Un;37
jevans6l@squarespace.com;Judy;Evans;cdixon6l;FbG2dw;38
fmurphy6m@wired.com;Frances;Murphy;ssnyder6m;Yjnkzp2jG;39
jwheeler6n@livejournal.com;Jose;Wheeler;jwest6n;eOQriTQTFvt;40
wrobertson6o@sun.com;Wayne;Robertson;cshaw6o;boDM3I5STC;41
lwright6p@go.com;Louis;Wright;twashington6p;m1QXo96N;42
cmartinez6q@plala.or.jp;Carl;Martinez;jmeyer6q;ud5Dq8;43
nmorales6r@nymag.com;Nicole;Morales;aellis6r;9sn46u4ES2;44
brivera6s@histats.com;Betty;Rivera;fspencer6s;oG0kQkwk;45
hthompson6t@newsvine.com;Harold;Thompson;scollins6t;4nnh2n;46
sford6u@a8.net;Shirley;Ford;lbradley6u;ComQLcxv1YV;47
cross6v@nbcnews.com;Catherine;Ross;jreed6v;X9BVazE;48
tmeyer6w@scribd.com;Tina;Meyer;rbrooks6w;zsUVRd9;49
eford6x@craigslist.org;Eric;Ford;aallen6x;BXcSWAuuvGu;0
rross6y@nih.gov;Rebecca;Ross;jchapman6y;k0aCTtQ1Yc3;1
charrison6z@issuu.com;Carol;Harrison;amoore6z;q84PUMRq2;2
jvasquez70@aol.com;Johnny;Vasquez;rharris70;Bi5aNMa;3
ekennedy71@cbc.ca;Edward;Kennedy;jflores71;Z1zO0hm;4
jjackson72@pbs.org;Judith;Jackson;sflores72;6nHbHcXj;5
jsims73@booking.com;Judy;Sims;aelliott73;bYumvkuM4u;6
jparker74@ustream.tv;Justin;Parker;cgarrett74;Zd5HlcJ9;7
gday75@ebay.com;Gregory;Day;rsimmons75;reUdtcWD;8
tsmith76@microsoft.com;Theresa;Smith;ahill76;r3MHBeZoO;9
bbowman77@amazon.co.uk;Brian;Bowman;mburke77;6q7jxlLNC97Q;10
truiz78@163.com;Teresa;Ruiz;jwoods78;3SEc9An;11
lwatson79@people.com.cn;Lois;Watson;hjohnson79;s5W85LHJh;12
ehenderson7a@wordpress.org;Emily;Henderson;mwoods7a;L5Hl5JRWsPT;13
bwilliams7b@ocn.ne.jp;Billy;Williams;mross7b;HRs4Hp;14
jwood7c@twitpic.com;Judith;Wood;mperry7c;VaVjh7vZXXQ;15
ldunn7d@slate.com;Laura;Dunn;eoliver7d;uZ3g8CK;16
llewis7e@xrea.com;Lillian;Lewis;swallace7e;TH1UJ1K47D;17
wbowman7f@jigsy.com;Wanda;Bowman;aanderson7f;2Vvusuij;18
rfreeman7g@cnbc.com;Ruth;Freeman;scarter7g;hjG56cin;19
aboyd7h@timesonline.co.uk;Anthony;Boyd;jwilliams7h;T0Nq5xl;20
kward7i@acquirethisname.com;Katherine;Ward;dnichols7i;eG2dAZsf;21
jwalker7j@scribd.com;Jason;Walker;ktorres7j;jIqqmZSb3keS;22
dellis7k@w3.org;Douglas;Ellis;vgreene7k;Zsb002B;23
agarrett7l@tiny.cc;Antonio;Garrett;sanderson7l;tqvvfpj;24
rcarroll7m@icq.com;Richard;Carroll;rburns7m;9zk8ndV15fje;25
rpayne7n@nasa.gov;Rachel;Payne;cmorales7n;DoUadBrg;26
dray7o@ucoz.ru;Diana;Ray;garnold7o;UFAQpcVQU;27
aroberts7p@i2i.jp;Anne;Roberts;pwallace7p;5kTUoGJ8ZCO;28
bjohnston7q@flavors.me;Bobby;Johnston;jevans7q;9E1LDcZV;29
csullivan7r@buzzfeed.com;Christine;Sullivan;parnold7r;fIfbmv;30
rbrown7s@wikimedia.org;Rose;Brown;drogers7s;QjNBNZ6U;31
hbarnes7t@upenn.edu;Henry;Barnes;cpowell7t;edb65dfDf6;32
dhenderson7u@hp.com;Debra;Henderson;lfranklin7u;EqCf1ICW5;33
tmoore7v@zdnet.com;Terry;Moore;slawson7v;2AdLznw;34
bweaver7w@theatlantic.com;Billy;Weaver;gcooper7w;lG0Zph;35
ddaniels7x@tinyurl.com;Diana;Daniels;hrichards7x;V0vHpRT6M;36
lmedina7y@google.de;Louis;Medina;dgreene7y;2LWbjiB4;37
skelley7z@amazon.co.jp;Sandra;Kelley;karmstrong7z;JRYZfS;38
pshaw80@qq.com;Paul;Shaw;vmoreno80;pYhZrT76lwjM;39
crogers81@alibaba.com;Christine;Rogers;jhill81;TgZ4b1gkm;40
bbaker82@uol.com.br;Bobby;Baker;jporter82;1M6mzT1;41
dkim83@mit.edu;Donald;Kim;jrogers83;1VwEu8Gco;42
lpeters84@eventbrite.com;Lawrence;Peters;sspencer84;neuplgHL0;43
bolson85@princeton.edu;Billy;Olson;tcooper85;ugx9im2;44
ssmith86@pbs.org;Sharon;Smith;rgordon86;MtQRhohT1Nx;45
rwillis87@unblog.fr;Roger;Willis;bwest87;RT148yV;46
wpatterson88@bbc.co.uk;Walter;Patterson;sbrooks88;cUqj1RdsoQ;47
gbrooks89@hatena.ne.jp;Gerald;Brooks;jray89;q1puT6F1vTBg;48
ljones8a@lulu.com;Louis;Jones;dlawson8a;uQcQ5QJnobwA;49
aallen8b@behance.net;Ann;Allen;skelley8b;NoiT2za;0
msanchez8c@wunderground.com;Marilyn;Sanchez;mkelly8c;3vVbLdga2jI;1
rjames8d@wikimedia.org;Ronald;James;jgomez8d;bGnvuJ;2
bthompson8e@alibaba.com;Barbara;Thompson;agutierrez8e;IIG93Cgg0sp;3
jwashington8f@reddit.com;Jeffrey;Washington;ngarza8f;9fY9PL;4
nmurphy8g@sciencedirect.com;Nicholas;Murphy;rhudson8g;mFjWHk;5
wmeyer8h@youtu.be;Wayne;Meyer;bwoods8h;e0Caq2;6
jfields8i@fastcompany.com;Jennifer;Fields;mmartin8i;ipvdWFZyj;7
aedwards8j@plala.or.jp;Ashley;Edwards;gmcdonald8j;UCwzdo;8
nsimpson8k@bravesites.com;Norma;Simpson;kevans8k;q9sM31BzlMt;9
shayes8l@t.co;Shawn;Hayes;nturner8l;PIScKh;10
twagner8m@storify.com;Tammy;Wagner;grobertson8m;o5FH9Ot1;11
kgordon8n@nba.com;Kathleen;Gordon;aallen8n;E3k4NqpqzME;12
pwright8o@163.com;Philip;Wright;fwarren8o;HNLkZsDi;13
cgray8p@cisco.com;Carlos;Gray;cwatkins8p;DpDiaOIffbUe;14
jmcdonald8q@yale.edu;Justin;Mcdonald;pgibson8q;IuyA9nZre5;15
bharvey8r@cargocollective.com;Bruce;Harvey;dwebb8r;sFhlyYpXf;16
jclark8s@businesswire.com;Janet;Clark;sharrison8s;ynwie3uWstKJ;17
kryan8t@cnbc.com;Kimberly;Ryan;djohnston8t;OhKsHGFdUkJ;18
aharrison8u@cbslocal.com;Anthony;Harrison;khicks8u;HPrUElCUD;19
pmorrison8v@elegantthemes.com;Pamela;Morrison;hcox8v;rimTuyg;20
awallace8w@wikimedia.org;Amy;Wallace;pmason8w;0koZTkyGBfA6;21
hknight8x@springer.com;Harold;Knight;abishop8x;AumV7dBY4;22
hduncan8y@apache.org;Harold;Duncan;fmurphy8y;pSQCFh;23
jstevens8z@quantcast.com;Judith;Stevens;kmurray8z;pXZULwQx5;24
kbennett90@ucoz.ru;Kevin;Bennett;mharrison90;ayrpVfk5JN;25
clarson91@over-blog.com;Charles;Larson;jgriffin91;GcMkfh;26
hgardner92@surveymonkey.com;Harry;Gardner;lbowman92;9419qmK;27
jthomas93@vistaprint.com;Jeffrey;Thomas;cstone93;e0n38i;28
asmith94@alexa.com;Adam;Smith;mcollins94;ZIAxsx;29
hrobertson95@tuttocitta.it;Harry;Robertson;mbrown95;QlVFUes;30
jwatkins96@gravatar.com;Jeffrey;Watkins;thernandez96;lCTY0wW68t;31
ajones97@wix.com;Andrea;Jones;gwhite97;NoEucq;32
tmccoy98@shareasale.com;Tammy;Mccoy;msims98;evYi2Ce;33
tlewis99@netvibes.com;Teresa;Lewis;jcole99;KXuarPn2Q3;34
mchapman9a@sphinn.com;Maria;Chapman;jstanley9a;RXu4ISu3;35
bmontgomery9b@canalblog.com;Brian;Montgomery;cblack9b;ryGPt03I8JL;36
dmedina9c@weebly.com;Deborah;Medina;cchavez9c;gPX7nt;37
lbutler9d@netlog.com;Lois;Butler;adixon9d;6MfM6z;38
jknight9e@bbb.org;Jimmy;Knight;wjones9e;jjdJVQqc;39
jhill9f@ameblo.jp;Judy;Hill;tyoung9f;vUKdSV0Vk;40
jchavez9g@webmd.com;Joan;Chavez;tharper9g;cnh10sboyB;41
cedwards9h@parallels.com;Carol;Edwards;jscott9h;CD8Qkl;42
waustin9i@guardian.co.uk;Willie;Austin;award9i;6FANNueIliW;43
mrichards9j@themeforest.net;Mildred;Richards;jhudson9j;UBcDNG79qEm;44
nfields9k@wordpress.org;Nicole;Fields;agilbert9k;Dmj6mo5yyfa;45
tgrant9l@bloomberg.com;Timothy;Grant;mcarter9l;6pnIXyoao;46
jrichards9m@51.la;Julia;Richards;rgilbert9m;HC0ET8Eh8K;47
afowler9n@salon.com;Antonio;Fowler;dduncan9n;halzN8;48
agarrett9o@marriott.com;Anna;Garrett;pgarrett9o;rGcStcJziXA;49
vgonzalez9p@craigslist.org;Virginia;Gonzalez;ngriffin9p;FuiDE1nyc;0
dsimpson9q@php.net;Dennis;Simpson;krivera9q;L7p4Qg2QY8lw;1
devans9r@multiply.com;Debra;Evans;rharrison9r;BSZ5oYHGqVYA;2
ljames9s@mail.ru;Larry;James;sgreene9s;iSrUEBlX;3
award9t@reference.com;Antonio;Ward;jsanders9t;PWHNvdE;4
kwood9u@newsvine.com;Kathy;Wood;jmedina9u;j75umO13J;5
kgonzalez9v@paypal.com;Kimberly;Gonzalez;lramirez9v;5jfSJzwK7X;6
lrobertson9w@craigslist.org;Lillian;Robertson;rreynolds9w;nPLPMuZl2;7
privera9x@dot.gov;Philip;Rivera;jalvarez9x;u2YVnc;8
tmurray9y@ucoz.com;Terry;Murray;kwilson9y;TNuJQST9;9
rrodriguez9z@sfgate.com;Raymond;Rodriguez;chamilton9z;O12jcTQ;10
rfowlera0@nhs.uk;Ruby;Fowler;jbryanta0;33cm6kHW;11
bjamesa1@issuu.com;Billy;James;mcolea1;o7T2BAbHp0;12
fmatthewsa2@topsy.com;Frank;Matthews;rcoxa2;Of08j5qcl1Z;13
nleea3@elpais.com;Nicole;Lee;rhicksa3;cmhoioHDsJf;14
gwallacea4@answers.com;Gary;Wallace;areyesa4;LgNaykLr0i8B;15
agranta5@intel.com;Andrew;Grant;aharta5;e3RJ3i3N;16
bcollinsa6@alexa.com;Benjamin;Collins;jrodrigueza6;eyoVtCnW;17
sperrya7@wiley.com;Shirley;Perry;smasona7;yijh6hJE;18
cdaya8@mashable.com;Cynthia;Day;lmurraya8;Zg3jATyhaMiz;19
mmarshalla9@wikispaces.com;Margaret;Marshall;smendozaa9;Shnm4GQw;20
vlaneaa@epa.gov;Virginia;Lane;lgarrettaa;r5dqUO;21
hrobertsab@freewebs.com;Harold;Roberts;dmoralesab;8xFDW3dm;22
sgrayac@sitemeter.com;Sharon;Gray;pstewartac;TtFJU0pLmGE;23
rchavezad@creativecommons.org;Randy;Chavez;dcolemanad;VcJKmMCYE;24
jbradleyae@independent.co.uk;Julia;Bradley;pcarpenterae;M9RYyHASL;25
rgriffinaf@adobe.com;Ryan;Griffin;nandrewsaf;SzTPnNJtL2ap;26
kbrooksag@weibo.com;Kevin;Brooks;glongag;WKu7QgOcz;27
llawrenceah@tamu.edu;Lois;Lawrence;khendersonah;nBwuAJm;28
vmontgomeryai@bbc.co.uk;Virginia;Montgomery;pbryantai;KF4QsADi;29
jmyersaj@hibu.com;Jennifer;Myers;jlittleaj;L72kuHU;30
jrayak@skyrock.com;Jesse;Ray;charrisak;eBGVP8;31
cgibsonal@quantcast.com;Christopher;Gibson;cramosal;dxxc5L;32
brobinsonam@businesswire.com;Benjamin;Robinson;khicksam;hGNNTslJG3;33
gfernandezan@4shared.com;Gary;Fernandez;bmasonan;M1UWBr12g;34
cfieldsao@about.me;Cheryl;Fields;ksullivanao;kyQqR50qa;35
jgordonap@mashable.com;Jeremy;Gordon;coliverap;UmxkxNrtu;36
jgonzalesaq@miitbeian.gov.cn;Janet;Gonzales;areyesaq;R1lzHdkKOh1;37
mparkerar@irs.gov;Melissa;Parker;jjohnsonar;vgz3nC1wxdJ0;38
cmeyeras@elegantthemes.com;Charles;Meyer;dgibsonas;ccNkUQUSff;39
hnguyenat@japanpost.jp;Harry;Nguyen;calexanderat;31a9Na;40
nfieldsau@howstuffworks.com;Norma;Fields;cwillisau;5crkAQ;41
smooreav@pinterest.com;Sandra;Moore;jstevensav;RS5dtEpro1G;42
aphillipsaw@gravatar.com;Anthony;Phillips;cdavisaw;lWZz613;43
aparkerax@flavors.me;Antonio;Parker;aramosax;CySNgMrFD;44
kjohnstonay@cocolog-nifty.com;Kathy;Johnston;jcollinsay;KnRhMlVI7;45
clarsonaz@scribd.com;Carol;Larson;bfloresaz;C3tDtuLGLEht;46
cfieldsb0@ihg.com;Christopher;Fields;dcooperb0;MhOdZ4xiu0Yt;47
tboydb1@mozilla.org;Teresa;Boyd;sthomasb1;RhurjE1W;48
jhansenb2@sourceforge.net;Jesse;Hansen;mmoralesb2;WDI9rD;49
loliverb3@squidoo.com;Lawrence;Oliver;asullivanb3;7AOfjC7Y8tu;0
kmcdonaldb4@about.me;Kelly;Mcdonald;pmyersb4;u2pETaEY78sn;1
kroseb5@issuu.com;Kimberly;Rose;kgrahamb5;Tf4BGskIZP10;2
marmstrongb6@odnoklassniki.ru;Matthew;Armstrong;jstevensb6;ozJpPaSuq;3
ffieldsb7@aboutads.info;Frances;Fields;cturnerb7;PMFBAV;4
jwelchb8@paginegialle.it;Janice;Welch;jadamsb8;rdrkUDzdPOG;5
hbanksb9@cisco.com;Helen;Banks;pbarnesb9;nOEwv6kVFkc;6
dwoodba@opera.com;Diane;Wood;sroseba;OXM95TtG;7
bowensbb@clickbank.net;Brian;Owens;pryanbb;JfLafC;8
jramirezbc@hc360.com;Jack;Ramirez;rhowardbc;Is0rGYxfga;9
lmyersbd@columbia.edu;Lawrence;Myers;jhawkinsbd;pSSWUZVC2U;10
tmitchellbe@seesaa.net;Theresa;Mitchell;jrodriguezbe;GbigSB;11
fgibsonbf@hud.gov;Frank;Gibson;plynchbf;vKrmadG0otli;12
jjohnstonbg@imageshack.us;Jonathan;Johnston;gweaverbg;dsKli0;13
dpowellbh@toplist.cz;Dennis;Powell;hhallbh;ClimNFezaQl;14
breyesbi@comsenz.com;Barbara;Reyes;bchapmanbi;TTRM0CHrdq;15
hgrahambj@edublogs.org;Helen;Graham;wryanbj;Oui1Dp2X;16
kmoorebk@miibeian.gov.cn;Kathleen;Moore;mfisherbk;vt1jWCb;17
rgilbertbl@nyu.edu;Ruby;Gilbert;jgeorgebl;JH3u7VwJkIL;18
halvarezbm@wufoo.com;Henry;Alvarez;bgibsonbm;oXLIqsFT;19
rdeanbn@omniture.com;Roger;Dean;jrussellbn;Ty55DUF9Y;20
efoxbo@latimes.com;Elizabeth;Fox;jandrewsbo;Two8YJ4CH;21
vwelchbp@samsung.com;Victor;Welch;awrightbp;zMOXyinng;22
gsanchezbq@livejournal.com;Gerald;Sanchez;mjordanbq;lFVOGI;23
jpetersbr@feedburner.com;Jose;Peters;pfreemanbr;BJvyP6;24
ahillbs@cnn.com;Annie;Hill;abennettbs;w0imqU;25
cmorganbt@princeton.edu;Cheryl;Morgan;mchavezbt;2BrGeNi;26
lhamiltonbu@utexas.edu;Louise;Hamilton;jfloresbu;M6XSpmBwe3FI;27
dhowardbv@cargocollective.com;Donna;Howard;gpaynebv;dhE34OHQ6;28
jfernandezbw@umn.edu;Jimmy;Fernandez;jcunninghambw;e3RpsmWuSrvN;29
aandrewsbx@hexun.com;Arthur;Andrews;jrodriguezbx;gUusPTXo1X;30
dhartby@clickbank.net;Dorothy;Hart;jgarrettby;6m8wu8JN;31
kharrisbz@linkedin.com;Katherine;Harris;fcarrbz;FMioVTHuECc;32
rjacksonc0@devhub.com;Roy;Jackson;lcollinsc0;3jOeQKeJqLv;33
bperryc1@wired.com;Bruce;Perry;jpricec1;aHXsBp4fzX;34
vgarrettc2@ucoz.com;Victor;Garrett;skennedyc2;bEwhYH8u;35
pburnsc3@sohu.com;Pamela;Burns;dgardnerc3;JTexYhA6;36
kjacksonc4@jigsy.com;Karen;Jackson;jbryantc4;cp3Zmqg;37
stuckerc5@mozilla.org;Sandra;Tucker;jmurphyc5;RRwEMi3;38
dpricec6@linkedin.com;Debra;Price;pcarpenterc6;YByE5EhTfZD;39
dchapmanc7@sciencedirect.com;Diane;Chapman;jwalkerc7;je7ch3e8Pv;40
mhamiltonc8@reverbnation.com;Michael;Hamilton;jwrightc8;m6H0KpS;41
jfowlerc9@state.gov;James;Fowler;jfloresc9;wd86JOQFdA;42
pwelchca@shutterfly.com;Patrick;Welch;ewillisca;h6TdAmLMyV;43
bhartcb@webnode.com;Bobby;Hart;ssanderscb;cFT9GIN7Jwh3;44
rburnscc@zdnet.com;Randy;Burns;dmeyercc;E2R5mUeWu5M;45
rtaylorcd@sakura.ne.jp;Richard;Taylor;wpattersoncd;zVYxzO;46
jrichardsce@ocn.ne.jp;Joshua;Richards;jlewisce;8ETtzX793;47
lspencercf@smh.com.au;Lillian;Spencer;irileycf;6jHt3eO0D0nl;48
bpaynecg@sun.com;Bobby;Payne;mweavercg;Zja6qG4A22N;49
tvasquezch@altervista.org;Teresa;Vasquez;scarterch;28u6dbNhJLJ;0
npalmerci@fema.gov;Nancy;Palmer;lwestci;npAFGDz;1
pfishercj@is.gd;Philip;Fisher;cmatthewscj;L2Ry1T8r3F;2
rgarciack@spiegel.de;Robin;Garcia;jhernandezck;dCzC3rVW9E;3
aharriscl@sogou.com;Ashley;Harris;jmarshallcl;iOLAwXF6m;4
jharveycm@mac.com;Justin;Harvey;jsanderscm;ubnFWZcJ4;5
jclarkcn@vinaora.com;Jennifer;Clark;csnydercn;X5zHlJ;6
jcookco@google.cn;Jane;Cook;gdiazco;WM6BLDYCm3;7
kwilsoncp@spotify.com;Keith;Wilson;hbellcp;if8M3GF8;8
adaviscq@123-reg.co.uk;Anthony;Davis;rbaileycq;cb53c1Sc;9
mbarnescr@hud.gov;Michelle;Barnes;wlopezcr;aYIjWa;10
tphillipscs@acquirethisname.com;Terry;Phillips;slynchcs;nioPE3ilE6r;11
hgrayct@t-online.de;Harold;Gray;aadamsct;SIwwUxgkED;12
rdaviscu@sciencedaily.com;Raymond;Davis;ewilliamsoncu;VjxbORh0CHiH;13
aportercv@friendfeed.com;Annie;Porter;cgonzalezcv;Sl703HGnT3;14
nmendozacw@webs.com;Nicole;Mendoza;wwellscw;HDketdylx1;15
kharpercx@nationalgeographic.com;Katherine;Harper;lgreenecx;pv9cViEcp;16
dschmidtcy@zimbio.com;Donald;Schmidt;pwestcy;rXb3LXjq;17
rdanielscz@slideshare.net;Robin;Daniels;sfranklincz;1m7EnFpEJo;18
jcolemand0@ifeng.com;Jerry;Coleman;agomezd0;Ju9DTKqGAoF5;19
mfreemand1@livejournal.com;Martha;Freeman;rhilld1;0lpA31ot5wbJ;20
jsimpsond2@fema.gov;Judy;Simpson;lpattersond2;Z7j18ninm;21
sdunnd3@kickstarter.com;Steve;Dunn;cnicholsd3;JcnK6E;22
slittled4@arizona.edu;Stephanie;Little;rstevensd4;0BmN9q;23
sphillipsd5@alibaba.com;Sandra;Phillips;kruizd5;V85hNckl;24
portizd6@wordpress.com;Peter;Ortiz;bleed6;4HkgJJXPGm;25
dwheelerd7@wikispaces.com;Donald;Wheeler;erayd7;rTIJ6pYoHZv;26
rburked8@blogtalkradio.com;Randy;Burke;karmstrongd8;tGcBmDcJOhgP;27
ethompsond9@bbc.co.uk;Ernest;Thompson;arobertsd9;c2ucm7Y;28
lcooperda@bloglines.com;Linda;Cooper;wblackda;3a6I5t82;29
rriveradb@flickr.com;Ryan;Rivera;tmitchelldb;7RyxAugPAo;30
crobertsondc@mapquest.com;Christopher;Robertson;jlawsondc;KcP3IF;31
jcooperdd@google.com.hk;Joseph;Cooper;sdeandd;CFpRyacB;32
alopezde@hatena.ne.jp;Andrew;Lopez;jwilsonde;HibYTVITKkU8;33
bholmesdf@rediff.com;Benjamin;Holmes;jthomasdf;a4y5pSkOHp;34
ppiercedg@theatlantic.com;Patricia;Pierce;pmcdonalddg;qyK6CeMPNDj;35
jfieldsdh@cbc.ca;Jerry;Fields;agilbertdh;lXz7oAi04FT;36
chunterdi@mtv.com;Carolyn;Hunter;tjacobsdi;UWwnW0dAw;37
jevansdj@booking.com;Jean;Evans;wpattersondj;9hKafLQr3;38
rkennedydk@tmall.com;Rose;Kennedy;lwilsondk;krZjzP;39
mcoxdl@xing.com;Mary;Cox;tknightdl;4VMarQIUgwqZ;40
kspencerdm@paginegialle.it;Kathryn;Spencer;mhunterdm;miuRYryf;41
vwatsondn@rakuten.co.jp;Victor;Watson;tpowelldn;pKq4ktaw0lpO;42
rcunninghamdo@abc.net.au;Richard;Cunningham;hthompsondo;n7nvS1B;43
srichardsondp@ezinearticles.com;Sean;Richardson;rsnyderdp;xcpFfloNFSm;44
plawrencedq@epa.gov;Peter;Lawrence;spricedq;Dq07wl;45
rmartindr@lulu.com;Rebecca;Martin;cbakerdr;pqWrVjpAn;46
jsimsds@quantcast.com;Janet;Sims;jlaneds;3C6iFwkHG;47
fmorenodt@exblog.jp;Frances;Moreno;klopezdt;x5z2sHHoNWU;48
sknightdu@npr.org;Susan;Knight;jporterdu;ZvmWeP3x;49
pforddv@dion.ne.jp;Paul;Ford;jweaverdv;pxltjP;0
mhamiltondw@goodreads.com;Marilyn;Hamilton;jmarshalldw;ciNTSG;1
spetersondx@goodreads.com;Steve;Peterson;pthomasdx;LRhBy5GWL0M;2
rwrightdy@samsung.com;Robert;Wright;apetersondy;mpc35uErUO;3
vgordondz@cyberchimps.com;Virginia;Gordon;kpalmerdz;Y4R5EIZLo;4
dgarciae0@cbslocal.com;Debra;Garcia;kmurphye0;6hoPEU33t;5
sparkere1@about.me;Sandra;Parker;smartine1;joEaW9f;6
solivere2@uol.com.br;Shawn;Oliver;jmorrisone2;s7k0IBYT8kKY;7
nbelle3@apache.org;Nicholas;Bell;fwillise3;4MUPYHVB8;8
abrookse4@cisco.com;Albert;Brooks;tjamese4;MV1gT3s;9
bscotte5@sogou.com;Betty;Scott;jhalle5;c0fxR69hZVgE;10
bbakere6@nifty.com;Bobby;Baker;bpaynee6;yp4WXCI8qn;11
gbrookse7@toplist.cz;Gregory;Brooks;jreide7;qPDow5dD;12
llynche8@indiegogo.com;Lori;Lynch;jharveye8;u8VGBxDqU;13
dmatthewse9@npr.org;Donald;Matthews;chansone9;LVqYUhvZFO;14
acollinsea@bandcamp.com;Anna;Collins;bschmidtea;sXcRyluOj;15
volivereb@foxnews.com;Victor;Oliver;dsimmonseb;42XKrg68m;16
gboydec@timesonline.co.uk;George;Boyd;dblackec;cDZIysJ;17
preided@state.tx.us;Phillip;Reid;ewillised;ltKRyG0;18
jwhiteee@foxnews.com;Janice;White;jfowleree;EFuqRo;19
redwardsef@goo.gl;Roger;Edwards;mhamiltonef;dsk4esMIm3pB;20
amarshalleg@homestead.com;Amanda;Marshall;trayeg;yPFYQ5TYYLh;21
bburtoneh@scribd.com;Bruce;Burton;cwilsoneh;wS9lBQC;22
ajenkinsei@house.gov;Annie;Jenkins;bstevensei;NWuJYJW31;23
lporterej@simplemachines.org;Lori;Porter;jrussellej;p7AYF6O;24
ioliverek@gov.uk;Irene;Oliver;khuntek;VBmGM74yCdc;25
rgreenel@reference.com;Ruth;Green;gwagnerel;aO2KITsaOQ;26
rwoodem@google.fr;Robert;Wood;dpetersem;9k8euRq0;27
clittleen@usatoday.com;Carl;Little;pharveyen;DsUTQVCPwU;28
bknighteo@studiopress.com;Brenda;Knight;ppowelleo;Cd8sCVDdjIAm;29
llittleep@diigo.com;Lori;Little;dhowardep;bXYTgkh5ZAB;30
sblackeq@mit.edu;Scott;Black;dbishopeq;StDVo2os;31
kfisherer@vk.com;Karen;Fisher;csmither;aXG6g8yyBys1;32
thudsones@pbs.org;Teresa;Hudson;vberryes;g6kpgLG;33
rkellyet@java.com;Rachel;Kelly;fscottet;OYdXEK;34
wlewiseu@jiathis.com;Wayne;Lewis;wkingeu;Y0PtP9h;35
jfullerev@sun.com;Joe;Fuller;mpattersonev;OTG3YWgUOfof;36
swashingtonew@elegantthemes.com;Steve;Washington;sbellew;aB62zS;37
ariceex@last.fm;Andrea;Rice;awagnerex;EuPHL7bPxi2;38
wgriffiney@nba.com;Wayne;Griffin;sburnsey;Njc0uY;39
jlawrenceez@desdev.cn;Joseph;Lawrence;jbishopez;yvU52aDbmwMz;40
jlawsonf0@mail.ru;Jerry;Lawson;krichardsf0;JlpL1ZWvLT;41
dbaileyf1@ocn.ne.jp;Deborah;Bailey;hrobinsonf1;BylCXvz;42
hduncanf2@disqus.com;Howard;Duncan;awardf2;DwfwQOfdH;43
jgreenf3@ow.ly;Jean;Green;shansonf3;1gNSQsAgJM;44
djonesf4@myspace.com;Doris;Jones;bgeorgef4;xnVnLcgdWPDt;45
mjonesf5@kickstarter.com;Marilyn;Jones;dortizf5;ebSPX0YP;46
hdayf6@paginegialle.it;Heather;Day;brileyf6;dWJJJ4Cz;47
adixonf7@a8.net;Arthur;Dixon;jrussellf7;2ifOXaMGtfKC;48
boliverf8@toplist.cz;Brenda;Oliver;kfreemanf8;1PnGxa;49
kpetersonf9@nifty.com;Katherine;Peterson;jalexanderf9;iFQALsdP6;0
rkingfa@cocolog-nifty.com;Russell;King;kmendozafa;OL9112M;1
kburkefb@abc.net.au;Kevin;Burke;bchavezfb;fwUYTO;2
sweaverfc@dagondesign.com;Sarah;Weaver;joliverfc;AgDoOe7;3
smeyerfd@opensource.org;Shawn;Meyer;anguyenfd;Rwur4CJHRn;4
apricefe@fda.gov;Anthony;Price;jhartfe;qTHuDrGzC;5
aevansff@miitbeian.gov.cn;Andrea;Evans;kknightff;ub4sft61;6
rwelchfg@nationalgeographic.com;Roy;Welch;khowardfg;UmMBzZNw;7
bwilsonfh@who.int;Betty;Wilson;lalvarezfh;jOD8LrC7v;8
jhowardfi@webeden.co.uk;Joan;Howard;aromerofi;JaNWOk7;9
adanielsfj@dell.com;Arthur;Daniels;sburnsfj;XEwijZH0cHAu;10
jfisherfk@last.fm;Judith;Fisher;bwrightfk;cBP5lk;11
jramirezfl@sohu.com;Joyce;Ramirez;pthompsonfl;rshds2xr70;12
jgrantfm@blogspot.com;Janice;Grant;vwelchfm;tQuyhD0bkr;13
mmartinezfn@reuters.com;Marilyn;Martinez;selliottfn;uq0stKJKRPC;14
hweaverfo@sogou.com;Heather;Weaver;jscottfo;rQx8V1Er;15
stuckerfp@vimeo.com;Sharon;Tucker;lsanchezfp;X2XG8YVQdEnc;16
aandrewsfq@digg.com;Albert;Andrews;tandrewsfq;wDSJnSNNt22l;17
mpetersonfr@rakuten.co.jp;Matthew;Peterson;clewisfr;QO3LLz4;18
epricefs@weibo.com;Eric;Price;rstewartfs;koHlCY6o;19
phughesft@surveymonkey.com;Patrick;Hughes;rmyersft;CXyEbWTB;20
sperezfu@prnewswire.com;Steven;Perez;acastillofu;SDFrFZ;21
sstewartfv@printfriendly.com;Shirley;Stewart;spetersfv;2P8lfRHCnuH;22
kdiazfw@twitter.com;Kenneth;Diaz;dkingfw;6lOFp46;23
glawrencefx@360.cn;George;Lawrence;pchavezfx;7z4XUU;24
mwilliamsfy@state.gov;Marilyn;Williams;cwatsonfy;sIBv9j3aRKTn;25
lchapmanfz@ihg.com;Lois;Chapman;cwagnerfz;msUct1A;26
wharveyg0@bloglines.com;Willie;Harvey;shayesg0;6vH2JaeN8bF;27
lfoxg1@china.com.cn;Lori;Fox;jcarterg1;y4BT7rwJ;28
epierceg2@washington.edu;Emily;Pierce;jbennettg2;1VTQgQfDms;29
rsanchezg3@tripadvisor.com;Roger;Sanchez;klaneg3;XTfWjQjO24;30
nmitchellg4@csmonitor.com;Nicole;Mitchell;arussellg4;VEzUD1;31
abrooksg5@salon.com;Ashley;Brooks;dchavezg5;elDyx7VGGWRG;32
froseg6@alibaba.com;Fred;Rose;smccoyg6;uSURqMRE;33
dmatthewsg7@apache.org;David;Matthews;dhunterg7;QFWDHlN5;34
vsimmonsg8@liveinternet.ru;Victor;Simmons;aevansg8;UOEBxVBs;35
kreedg9@epa.gov;Kimberly;Reed;cgarciag9;8TUmhBcqrPJ;36
hcastilloga@dot.gov;Heather;Castillo;jdunnga;FPPfcUw0;37
jrodriguezgb@google.cn;Justin;Rodriguez;syounggb;fFgvSN;38
mpalmergc@ft.com;Martin;Palmer;ldanielsgc;JifUwnLi;39
fgarzagd@harvard.edu;Frank;Garza;tthompsongd;sRlnLLIQ;40
mgrayge@slideshare.net;Marilyn;Gray;vmurrayge;7r4efk4DT1I;41
rolsongf@flavors.me;Randy;Olson;padamsgf;kjXtjzwVU2;42
dandersongg@slashdot.org;Diana;Anderson;tromerogg;3t8GW0Iz;43
bpowellgh@paypal.com;Benjamin;Powell;rdavisgh;Gm1wJV;44
jgeorgegi@addthis.com;Justin;George;mgibsongi;96EyTnnW;45
jharrisgj@prlog.org;Joshua;Harris;lwoodsgj;othU3Fat8;46
mwellsgk@nyu.edu;Maria;Wells;lholmesgk;h49lJFPHEiW;47
jberrygl@disqus.com;Janet;Berry;palexandergl;3DteIk;48
lbanksgm@arstechnica.com;Lillian;Banks;aandersongm;dqWGe65aDJuz;49
amillsgn@eventbrite.com;Ann;Mills;eduncangn;HbIqqNtwvBpT;0
tsimsgo@mac.com;Teresa;Sims;swilliamsongo;PSZ86e5eKmNl;1
dkelleygp@nps.gov;Dennis;Kelley;kgreengp;a98290gx;2
jchapmangq@hostgator.com;Jennifer;Chapman;ccrawfordgq;UlyWTd7;3
amillergr@goo.gl;Arthur;Miller;nmorenogr;H93E1rfdvP;4
ahansongs@abc.net.au;Ashley;Hanson;dscottgs;3sfNCYTABu;5
ashawgt@gmpg.org;Ann;Shaw;kwardgt;8dhIypDc;6
spattersongu@bloglovin.com;Sarah;Patterson;jbrowngu;MXnDgzf3AG;7
kjacksongv@cyberchimps.com;Karen;Jackson;nfergusongv;epzfgllF;8
tgarzagw@ezinearticles.com;Tina;Garza;gchapmangw;w9CfUvX;9
jdixongx@acquirethisname.com;Jane;Dixon;hleegx;u6NxKSvG;10
sperezgy@ed.gov;Sarah;Perez;lwashingtongy;BNEmcLS;11
cgrantgz@guardian.co.uk;Christopher;Grant;rtuckergz;ynsTKFi;12
cjohnstonh0@geocities.jp;Carl;Johnston;kwallaceh0;X0wU1x4EIsP;13
rcolemanh1@vinaora.com;Rebecca;Coleman;eparkerh1;aMaiW0Q0f;14
tblackh2@ovh.net;Tammy;Black;candersonh2;Yup9D3o0N;15
hgarciah3@posterous.com;Harold;Garcia;rduncanh3;1Glg3NDeLA;16
acastilloh4@bbb.org;Ann;Castillo;dwhiteh4;IQhR7jaIfDc;17
ageorgeh5@kickstarter.com;Adam;George;ediazh5;PAbedtitQIec;18
mnicholsh6@com.com;Martha;Nichols;mdanielsh6;4sB8UnMj;19
lfrazierh7@artisteer.com;Lawrence;Frazier;vgilberth7;mJ3t21AxXOhI;20
alarsonh8@sciencedirect.com;Anna;Larson;lrayh8;ZySdT9hG;21
hfoxh9@free.fr;Howard;Fox;rwagnerh9;hClIfZaSCX;22
aporterha@ox.ac.uk;Amanda;Porter;klynchha;ajy32dBM93;23
kwoodhb@bigcartel.com;Keith;Wood;pcarpenterhb;RoAjQQXOX;24
tevanshc@parallels.com;Timothy;Evans;jcolehc;i1cn5ir9Cvy;25
cmeyerhd@elpais.com;Carlos;Meyer;calexanderhd;2mkJ03;26
awashingtonhe@redcross.org;Arthur;Washington;bwesthe;BcZqbzM;27
driverahf@marriott.com;Denise;Rivera;asullivanhf;MXs2bhIN;28
jspencerhg@irs.gov;Jeremy;Spencer;pgibsonhg;x7FnFpZbzbci;29
ccastillohh@blogtalkradio.com;Cynthia;Castillo;kkinghh;dfrRKtvcR6;30
ipetersonhi@smugmug.com;Irene;Peterson;hwallacehi;NTcQR16f;31
bcastillohj@ycombinator.com;Brandon;Castillo;fchapmanhj;0aCbXvnVU8U;32
dmartinhk@reddit.com;Daniel;Martin;jjameshk;mqjqK8;33
dmitchellhl@mtv.com;Donna;Mitchell;rgilberthl;ow7ozrKvOi;34
dhowellhm@cmu.edu;Donald;Howell;amcdonaldhm;mCZ6xt3yk;35
tchavezhn@biglobe.ne.jp;Timothy;Chavez;fdunnhn;qnOTnuP;36
abutlerho@google.com.au;Arthur;Butler;kgriffinho;vPx7PvhPFug;37
ashawhp@independent.co.uk;Antonio;Shaw;charveyhp;AvyFMuHk6Y;38
shenryhq@domainmarket.com;Stephanie;Henry;rwebbhq;YMWLEu2;39
jmyershr@google.es;Jeremy;Myers;dcruzhr;T4fi5WzNZLm7;40
shenryhs@typepad.com;Sharon;Henry;aallenhs;j7jrkS;41
nsanchezht@flavors.me;Nicole;Sanchez;dmorenoht;Y1Iy9Yg;42
rlynchhu@ed.gov;Richard;Lynch;kromerohu;6l2aOyM;43
jwhitehv@toplist.cz;Julia;White;cdixonhv;CHzn6Vt;44
hwillishw@blinklist.com;Heather;Willis;lspencerhw;acrQbCtl;45
kfieldshx@google.nl;Kathy;Fields;thowellhx;dWyGTsS1ZPof;46
fjacksonhy@tmall.com;Frances;Jackson;tgrahamhy;YedHI2vAez0;47
afieldshz@arizona.edu;Andrea;Fields;jberryhz;bY7mHoDo;48
kwillisi0@skyrock.com;Kimberly;Willis;jfrazieri0;ZoznTUG6Fp;49
bmcdonaldi1@barnesandnoble.com;Brian;Mcdonald;pellisi1;z9o6QPu8tB;0
cpowelli2@about.com;Catherine;Powell;jsimpsoni2;wd8Y1uUvOxeW;1
lmurrayi3@discovery.com;Linda;Murray;vgrahami3;7OYZQIYJnM;2
brichardsi4@jiathis.com;Bruce;Richards;gaustini4;ThWPfpF6W;3
sharrisi5@google.co.uk;Shirley;Harris;rwardi5;5haqhSnX;4
jstewarti6@google.nl;Joseph;Stewart;cjenkinsi6;C2IW8I3KM;5
rleei7@meetup.com;Ralph;Lee;cmendozai7;bP6NSVdU;6
tgranti8@is.gd;Theresa;Grant;jrosei8;OvGdHSTsaQcJ;7
rcolei9@imageshack.us;Robert;Cole;mlanei9;JBrCo3xt;8
jthomasia@tripod.com;Jack;Thomas;jhendersonia;VEJdy5CO;9
jmorrisonib@unesco.org;Julia;Morrison;pduncanib;qwf3Dfg2Pj;10
cshawic@naver.com;Craig;Shaw;jdunnic;IJ1FO6;11
dwhiteid@yellowbook.com;David;White;wcruzid;LFWvmqKv;12
ebutlerie@cnn.com;Earl;Butler;rlopezie;i3b6hOV5;13
sfoxif@devhub.com;Samuel;Fox;kturnerif;5Rw3pZlqhl;14
bwestig@blinklist.com;Brian;West;amartinezig;b23phY4Ndf;15
awashingtonih@usda.gov;Andrea;Washington;spetersih;EBw408dKV9;16
jriveraii@ehow.com;Jeremy;Rivera;whartii;fcdmUn6r;17
sdanielsij@digg.com;Steven;Daniels;ljohnsonij;uAh3xj;18
kbaileyik@salon.com;Kevin;Bailey;ddunnik;EVTePk;19
dwilsonil@wikipedia.org;Douglas;Wilson;lporteril;od8QsQ9;20
ablackim@forbes.com;Antonio;Black;jbutlerim;Fo0GTE5G;21
mcarpenterin@elegantthemes.com;Marie;Carpenter;kbarnesin;eAdZoqb;22
wchapmanio@bloglines.com;Willie;Chapman;larmstrongio;D3kNST;23
egreeneip@senate.gov;Eric;Greene;pmatthewsip;xgWfXQWkgO;24
mhowelliq@theglobeandmail.com;Marilyn;Howell;dadamsiq;sgTICwG;25
blynchir@nature.com;Billy;Lynch;afernandezir;qFX6IWh;26
ifranklinis@discuz.net;Irene;Franklin;tcooperis;g7fTFe;27
lbradleyit@angelfire.com;Laura;Bradley;tandersonit;KTTPk2;28
gmccoyiu@etsy.com;Gerald;Mccoy;priceiu;320Zak6iJBXi;29
tramireziv@vkontakte.ru;Timothy;Ramirez;afordiv;aD14sWnU0wy0;30
jphillipsiw@1688.com;Joyce;Phillips;dhalliw;h5Sg6NCJ;31
iarmstrongix@1und1.de;Irene;Armstrong;enicholsix;m9XVuGiQAf;32
jmasoniy@usnews.com;Joseph;Mason;kriveraiy;mVgcKQ7nw;33
jmedinaiz@columbia.edu;Joe;Medina;efisheriz;EzZgdMOqe1;34
amoorej0@behance.net;Albert;Moore;gdayj0;mIXRIf16tsh;35
tlanej1@flickr.com;Terry;Lane;gmccoyj1;m78uxs2;36
srussellj2@un.org;Steven;Russell;hhansonj2;jUr43KCRwplB;37
cwilliamsonj3@yale.edu;Carol;Williamson;chughesj3;93IEYkik66r;38
jgutierrezj4@boston.com;Justin;Gutierrez;rtorresj4;n1wqbtQuxD;39
slarsonj5@bing.com;Stephen;Larson;shudsonj5;GGofPWJ;40
dhudsonj6@blogtalkradio.com;Donald;Hudson;eburnsj6;Ykv5zF;41
bstephensj7@cnet.com;Billy;Stephens;jmorenoj7;vdrrilG0s;42
rpattersonj8@google.com.br;Randy;Patterson;jharrisj8;ohMwztwlgxk6;43
jpalmerj9@netlog.com;Julie;Palmer;eporterj9;oH8VOn4Zl20;44
gjonesja@japanpost.jp;Gloria;Jones;cwilliamsja;Lt4Qy1HChh;45
sgarzajb@oakley.com;Sarah;Garza;vowensjb;VKvhqbk;46
mmendozajc@vkontakte.ru;Mary;Mendoza;adanielsjc;ADx3AcWLiUGp;47
jsmithjd@w3.org;Janice;Smith;cbutlerjd;1LTO0Xqu95Qa;48
rharveyje@craigslist.org;Robert;Harvey;rshawje;rbPkaMjhPQi;49
mmccoyjf@examiner.com;Marilyn;Mccoy;estephensjf;wih9Hso;0
schavezjg@guardian.co.uk;Sandra;Chavez;lwilliamsonjg;PVMTOsz;1
kdavisjh@hhs.gov;Kevin;Davis;sfernandezjh;D5loxJYAa;2
criceji@foxnews.com;Christine;Rice;cbanksji;SKRlcwnR4;3
rwellsjj@wp.com;Rebecca;Wells;jperezjj;PvR2l64VK;4
ljordanjk@indiatimes.com;Lillian;Jordan;bandrewsjk;srp8aQL;5
mmurphyjl@php.net;Mildred;Murphy;rwheelerjl;hxc05e3AbP;6
jhilljm@harvard.edu;Judy;Hill;cfordjm;1kPvSF;7
sblackjn@comcast.net;Stephanie;Black;nlawrencejn;MyXMyhx;8
crobertsjo@bluehost.com;Carolyn;Roberts;aoliverjo;FRo9ad9;9
whendersonjp@hao123.com;Wayne;Henderson;pharperjp;XZGwieJuiR;10
dwatkinsjq@g.co;David;Watkins;mharrisonjq;H878NQcJq;11
msandersjr@wix.com;Martin;Sanders;pholmesjr;HnjtxbwuG65V;12
jmartinezjs@ucsd.edu;Jane;Martinez;hrossjs;N7hXhoh7r;13
afieldsjt@over-blog.com;Alice;Fields;cfloresjt;BCDXsI8kagVL;14
jmurrayju@over-blog.com;Jeremy;Murray;kcarpenterju;lVGyNY6Fy9n;15
dmorrisonjv@tumblr.com;Donna;Morrison;iweaverjv;EXUepXZ42rtL;16
wandersonjw@stanford.edu;William;Anderson;vromerojw;pkeIMIVqFG;17
rrobinsonjx@goo.ne.jp;Ryan;Robinson;jjacksonjx;0YdinJC;18
jgonzalezjy@indiegogo.com;Jose;Gonzalez;nmendozajy;zeMlzSy23fho;19
wkelleyjz@vkontakte.ru;Wayne;Kelley;cparkerjz;3hU0F8aAZ0pd;20
wwelchk0@uiuc.edu;Walter;Welch;rfernandezk0;rKnJJECzz12B;21
kromerok1@prweb.com;Kenneth;Romero;jbradleyk1;t5D1Xd;22
chuntk2@msu.edu;Christopher;Hunt;jfosterk2;9UoW0S6fm;23
srosek3@tinyurl.com;Sean;Rose;slopezk3;C0LAjrOFiT;24
cwhitek4@gravatar.com;Christopher;White;dmatthewsk4;zK5JZ2p8s;25
jmartink5@rambler.ru;Johnny;Martin;scooperk5;LJh5W8;26
mfergusonk6@booking.com;Michael;Ferguson;apetersk6;xdoSfqo;27
kperkinsk7@ft.com;Kelly;Perkins;jbishopk7;yz6vsX;28
fcampbellk8@home.pl;Frank;Campbell;ccunninghamk8;LvsL64CYcU;29
jfosterk9@mozilla.org;Judy;Foster;dryank9;C38RFMMLXAUb;30
kjacksonka@answers.com;Kathy;Jackson;cmatthewska;aiGN8AT;31
rtaylorkb@t-online.de;Ralph;Taylor;belliskb;dBDX6GC;32
hmillerkc@sitemeter.com;Henry;Miller;jmorgankc;MaRTGgiE;33
jburnskd@issuu.com;Juan;Burns;jkellykd;4CDgQ2k;34
lwilsonke@pen.io;Linda;Wilson;wmooreke;6DPZ6Q;35
spaynekf@google.ru;Shawn;Payne;dturnerkf;8IgmEZ6Rqj;36
gjoneskg@printfriendly.com;Gerald;Jones;jmccoykg;7WUqQpMltn0j;37
kfullerkh@timesonline.co.uk;Kathleen;Fuller;ecoxkh;B6sk5c;38
tpalmerki@apache.org;Teresa;Palmer;alawsonki;T2z1iE;39
tvasquezkj@dot.gov;Tammy;Vasquez;ahickskj;MMWt0nU;40
jmartinkk@gravatar.com;Jennifer;Martin;creyeskk;XWCF9IS17;41
cturnerkl@apple.com;Carolyn;Turner;nrobinsonkl;00gP9ro;42
aruizkm@exblog.jp;Amanda;Ruiz;jadamskm;UBIJnyC;43
kpattersonkn@tripadvisor.com;Kimberly;Patterson;drichardsonkn;XGNOOxoQyQ8t;44
areidko@icio.us;Anthony;Reid;whenryko;YNrEXb7;45
dryankp@cocolog-nifty.com;David;Ryan;astephenskp;zWm2Hho;46
wkennedykq@dailymotion.com;Willie;Kennedy;kfreemankq;7oDkU9BmTaH;47
ekellykr@elpais.com;Emily;Kelly;jknightkr;U9jUkZ9zsW;48
lbakerks@dailymail.co.uk;Laura;Baker;bharveyks;TRiKaGRQ;49
nhansonkt@paginegialle.it;Nancy;Hanson;hadamskt;LPATspPAy;0
jmendozaku@usgs.gov;Judith;Mendoza;mcrawfordku;L4S0jDo1I;1
pnguyenkv@opera.com;Patrick;Nguyen;rhowardkv;CAhON0M;2
cperkinskw@reverbnation.com;Carolyn;Perkins;awashingtonkw;vb0lYQl3ho;3
moliverkx@nsw.gov.au;Marie;Oliver;kgarciakx;R6wV7hW;4
mcarterky@uiuc.edu;Mark;Carter;cyoungky;HQQzb6YmgNj;5
grileykz@imgur.com;George;Riley;ewestkz;IWPu5qsvnZ;6
jsnyderl0@weibo.com;Johnny;Snyder;srodriguezl0;coIBDbPLTf;7
flewisl1@wordpress.org;Frances;Lewis;cramosl1;38ZZWaUavVIE;8
pwhitel2@over-blog.com;Peter;White;aknightl2;redRGDNxPi;9
jspencerl3@joomla.org;Jacqueline;Spencer;bmartinl3;eqlNqrto;10
jweaverl4@reference.com;Joan;Weaver;bhansenl4;JXO4t5HU46;11
rjordanl5@livejournal.com;Ryan;Jordan;cporterl5;s7NF86;12
jcoxl6@techcrunch.com;Jonathan;Cox;jnelsonl6;fkHz2vQO9Vea;13
khalll7@mediafire.com;Kathryn;Hall;jreyesl7;VMQPhkm52yC;14
mmorenol8@europa.eu;Martin;Moreno;wsimmonsl8;LWvX4wc;15
dpaynel9@so-net.ne.jp;Douglas;Payne;cgordonl9;sKEQzn;16
acarpenterla@cargocollective.com;Anthony;Carpenter;jmendozala;z3dW1483uD;17
aschmidtlb@economist.com;Annie;Schmidt;ljordanlb;r50shmSir9tS;18
kwellslc@xing.com;Kathleen;Wells;sstephenslc;FPvT4864I3DX;19
walexanderld@youtube.com;William;Alexander;arossld;nDag99F6body;20
bhicksle@samsung.com;Billy;Hicks;smorrisonle;gDeidw;21
jharrisonlf@nationalgeographic.com;Judith;Harrison;kmorrisonlf;2KgoK4f0aU;22
ngrahamlg@smh.com.au;Norma;Graham;ngriffinlg;4bxCJjZdh0S;23
btuckerlh@alexa.com;Brenda;Tucker;aedwardslh;BbhEBJMEp;24
grayli@lulu.com;Gerald;Ray;wolsonli;eqGkaEtG;25
cramoslj@sohu.com;Carol;Ramos;jgomezlj;dV2GJKZa86;26
ghansenlk@ca.gov;Gregory;Hansen;egarzalk;bIuKIMo3;27
kfowlerll@abc.net.au;Kenneth;Fowler;ctorresll;CaRF4eOe;28
lcooklm@jiathis.com;Lisa;Cook;dcruzlm;6Iev7vH3ZOP9;29
jcoxln@yolasite.com;John;Cox;cjenkinsln;6LonQZxpX;30
kelliottlo@canalblog.com;Karen;Elliott;estephenslo;ilUZhEQVb;31
cgrahamlp@comcast.net;Carlos;Graham;schapmanlp;F5vqjW3mo;32
thenrylq@twitter.com;Todd;Henry;aphillipslq;qBqFdYKRhrF;33
jbrownlr@livejournal.com;Joseph;Brown;powenslr;StTfh56MrGn;34
lrodriguezls@tamu.edu;Lisa;Rodriguez;pwatkinsls;xIKnfH;35
mfullerlt@storify.com;Matthew;Fuller;nmartinlt;BMDgMJZ1ffCW;36
pfoxlu@freewebs.com;Phyllis;Fox;bnicholslu;493xZXw;37
agonzalezlv@cbsnews.com;Amanda;Gonzalez;kcrawfordlv;einlOA9T;38
cgreenlw@yellowpages.com;Carl;Green;ayounglw;bDx6Uw8;39
sroselx@chicagotribune.com;Sharon;Rose;mbryantlx;F346wOGsu5;40
mstevensly@unicef.org;Marilyn;Stevens;rmorrisly;M4N1Ml2R;41
dcarpenterlz@bloglovin.com;Debra;Carpenter;nalexanderlz;lv09zXngmx0p;42
mhallm0@rediff.com;Michelle;Hall;ralexanderm0;VcDd8Yz4f;43
jfordm1@ft.com;Johnny;Ford;jlewism1;782hnwb;44
rgilbertm2@unesco.org;Rose;Gilbert;kruizm2;PCJvdmdD;45
sfrazierm3@wsj.com;Sharon;Frazier;holiverm3;W0FimhmWI6;46
rwardm4@360.cn;Roger;Ward;lboydm4;b7gbXDlbt;47
mwheelerm5@taobao.com;Mildred;Wheeler;mhenrym5;tgGWyaS4;48
alittlem6@cocolog-nifty.com;Annie;Little;jmendozam6;rO3fLsy;49
jsimpsonm7@myspace.com;Jacqueline;Simpson;pclarkm7;YKNRrIuFhH;0
sscottm8@opensource.org;Shawn;Scott;ghicksm8;dJZkfSf05THs;1
sphillipsm9@alibaba.com;Shirley;Phillips;ngarzam9;InG29Uq;2
bboydma@upenn.edu;Brenda;Boyd;rreidma;MWqKmCeZ;3
bchapmanmb@salon.com;Bobby;Chapman;mwhitemb;x9Tlsl5S;4
ajohnstonmc@phoca.cz;Aaron;Johnston;hgriffinmc;pQdcNtfip0;5
elawrencemd@ibm.com;Eugene;Lawrence;pcolemd;F3BeNdI0;6
hfreemanme@scientificamerican.com;Harry;Freeman;sstoneme;3H7vrQD;7
cwoodmf@arstechnica.com;Cheryl;Wood;acarrmf;phIoe3QwCW;8
ndaymg@opera.com;Nancy;Day;jwrightmg;Vrw9Q5zq5s;9
nlynchmh@1688.com;Norma;Lynch;fbanksmh;Y7LJTgzzWk;10
apowellmi@google.de;Ann;Powell;ahicksmi;lF8Q0ixwIb;11
acarrmj@4shared.com;Ann;Carr;prodriguezmj;lDqc8XA6;12
bportermk@google.com;Bobby;Porter;jsanchezmk;aqqBDw2M;13
dharperml@cornell.edu;David;Harper;moliverml;9P7FhUFYy;14
bfernandezmm@japanpost.jp;Brian;Fernandez;cwalkermm;Cljh6rAW;15
phuntmn@unc.edu;Patricia;Hunt;sbakermn;445BvOKKdbJu;16
gcolemanmo@fastcompany.com;Gregory;Coleman;gmartinmo;yOqQRixl;17
jrussellmp@pinterest.com;Janet;Russell;praymp;O3g1sMA3yh;18
kcarrmq@tripadvisor.com;Kelly;Carr;pwashingtonmq;g3VGN6;19
frobertsonmr@artisteer.com;Frank;Robertson;jwilsonmr;hRvpkLP;20
wevansms@youtu.be;Willie;Evans;apiercems;fHrZObA;21
balvarezmt@paypal.com;Bonnie;Alvarez;ckellymt;IvkHqWwwysbS;22
jboydmu@theatlantic.com;Julia;Boyd;rgonzalezmu;pmA5d4Mu8;23
rwardmv@timesonline.co.uk;Richard;Ward;amarshallmv;SyDm8VVGZIkX;24
nreyesmw@exblog.jp;Nicholas;Reyes;cnguyenmw;bwDp09zH;25
jpowellmx@pbs.org;Jane;Powell;dportermx;FGOGK1EJd;26
jberrymy@dmoz.org;Joan;Berry;emillsmy;pQZzO2GTr3V;27
gbryantmz@zimbio.com;Gregory;Bryant;htorresmz;teZZzp7g41c;28
rburtonn0@unesco.org;Randy;Burton;plongn0;ec9NHnn;29
dfordn1@china.com.cn;Donald;Ford;ccrawfordn1;FSq9BttBSQKV;30
amcdonaldn2@dion.ne.jp;Aaron;Mcdonald;radamsn2;IjSXcbgG;31
ccoxn3@addthis.com;Carol;Cox;smendozan3;IbMSPDAe;32
jnguyenn4@wordpress.org;Joyce;Nguyen;rrayn4;hhVjKN5hf;33
drichardsonn5@tuttocitta.it;Donald;Richardson;bhamiltonn5;9npIocIX;34
jmasonn6@t.co;Judith;Mason;thawkinsn6;xX01X2RmwcYJ;35
achavezn7@wunderground.com;Antonio;Chavez;vharpern7;wHi4yXACE;36
wwilliamsonn8@purevolume.com;Willie;Williamson;alawsonn8;ud9mekwXmIAc;37
jgarzan9@opensource.org;Jesse;Garza;rmartinn9;MyDwhR;38
chansenna@hatena.ne.jp;Carlos;Hansen;lmitchellna;CgVn30w;39
jgarcianb@ftc.gov;Jacqueline;Garcia;bmorenonb;4WxoVZ9;40
bbennettnc@hatena.ne.jp;Brian;Bennett;astonenc;INepmLK3Bnki;41
srosend@nbcnews.com;Stephanie;Rose;ahernandeznd;zvF1iMKC;42
drichardsne@salon.com;Deborah;Richards;ecarpenterne;Gepz9e2KRM2h;43
fgomeznf@printfriendly.com;Fred;Gomez;tricenf;yX4wxmhs;44
pdixonng@nyu.edu;Paul;Dixon;wnelsonng;t7FomsF;45
bburkenh@mapquest.com;Brandon;Burke;jandersonnh;TpNMOc;46
ncarrni@google.com.hk;Nicole;Carr;khudsonni;Bpj1CQxISb;47
hgraynj@typepad.com;Helen;Gray;vtaylornj;jy8AeaUM9f;48
aburtonnk@example.com;Antonio;Burton;bgriffinnk;kOXGvo6mJq;49
pdaynl@rambler.ru;Philip;Day;jhughesnl;f4qvRQQ;0
djonesnm@canalblog.com;Donna;Jones;lmorrisonnm;pUc5xl66Z;1
rsandersnn@tuttocitta.it;Roy;Sanders;jwilliamsonnn;cR1YALmSCb;2
relliottno@mit.edu;Raymond;Elliott;vjohnstonno;gp4mlExk0Qtl;3
dharpernp@trellian.com;Donna;Harper;sgonzaleznp;NgdL0ynFmXJy;4
jgrantnq@odnoklassniki.ru;Joseph;Grant;aallennq;DyZWSbN;5
fsimmonsnr@yellowpages.com;Frances;Simmons;jfordnr;nBAqcm6XECG;6
pphillipsns@ucsd.edu;Peter;Phillips;bnicholsns;UcGZFRj;7
lwelchnt@ftc.gov;Lillian;Welch;mjonesnt;IazcAojKk;8
bpowellnu@blinklist.com;Betty;Powell;mhayesnu;hIsMpyCee;9
kruiznv@free.fr;Karen;Ruiz;rrobertsnv;vxO9tmtpId;10
jblacknw@google.fr;Jack;Black;krosenw;9bWrHIl4KF9F;11
kgrahamnx@ifeng.com;Kathy;Graham;wstevensnx;BY4xsAJS1rM2;12
jwilliamsonny@google.it;Jane;Williamson;slongny;2uv38JG;13
rlittlenz@feedburner.com;Robert;Little;pblacknz;xaUtGbY5;14
bmatthewso0@rediff.com;Billy;Matthews;sduncano0;nRTfTuQ3;15
mwebbo1@google.com.br;Martin;Webb;jpierceo1;QOjcX26yFPJ;16
tchapmano2@diigo.com;Tina;Chapman;cholmeso2;3VxsxuzEG;17
rmoraleso3@delicious.com;Rebecca;Morales;cwardo3;yJFbgKP;18
jmedinao4@pcworld.com;Jeremy;Medina;agilberto4;Hvac4JSOMRS;19
mcollinso5@wikia.com;Mary;Collins;jreido5;OP39KR;20
akimo6@bloglines.com;Amanda;Kim;dwellso6;8LqFxSThQs2;21
srileyo7@twitpic.com;Sara;Riley;rolsono7;pZSQ0zOdQhwJ;22
lhickso8@howstuffworks.com;Lisa;Hicks;showardo8;2P2mzH;23
gtuckero9@ovh.net;Gloria;Tucker;mgilberto9;u1lWD5BKPlW;24
sjacobsoa@mozilla.com;Shirley;Jacobs;cpetersonoa;4ReUXcTa;25
pparkerob@trellian.com;Phillip;Parker;ewillisob;SxZBWRH5D;26
wdavisoc@taobao.com;Wayne;Davis;dmorganoc;RoTL0xDUwd;27
crobertsod@free.fr;Carlos;Roberts;aturnerod;vstJzG;28
mwrightoe@bigcartel.com;Melissa;Wright;wsanchezoe;5CrB2X9ikE;29
acarpenterof@globo.com;Andrew;Carpenter;kgardnerof;Qo46sPk;30
lnelsonog@forbes.com;Lori;Nelson;dknightog;uS8CZV0a2TS;31
dhicksoh@oracle.com;Donald;Hicks;rlawsonoh;jAYaKPrcN;32
tmilleroi@zdnet.com;Tina;Miller;rhunteroi;0MpYF9C;33
vgarrettoj@infoseek.co.jp;Victor;Garrett;tpierceoj;EbKolYmh4E;34
wdiazok@sitemeter.com;William;Diaz;bruizok;9xA6d6;35
pcarpenterol@stanford.edu;Paula;Carpenter;golsonol;wWQ3qXg;36
adiazom@princeton.edu;Amanda;Diaz;spetersom;HZtSse;37
slarsonon@geocities.jp;Shawn;Larson;hknighton;uHJKndakD5;38
pelliottoo@dyndns.org;Pamela;Elliott;dreyesoo;zV7ZN3o0;39
bvasquezop@tumblr.com;Betty;Vasquez;sholmesop;e8toKabh;40
mfisheroq@nifty.com;Michelle;Fisher;tgrantoq;3aV0e9osPqW;41
dchavezor@ovh.net;David;Chavez;kgrantor;2R2U5wW8;42
mwatkinsos@last.fm;Mark;Watkins;rcarpenteros;QxSYfPs;43
dhowellot@dion.ne.jp;Denise;Howell;rharrisonot;nSNyrXQb0Sv;44
epayneou@soup.io;Ernest;Payne;cperkinsou;YLMvM5k;45
sfullerov@harvard.edu;Shirley;Fuller;wgonzalezov;vjG1N9Yz3;46
dgarciaow@instagram.com;Diana;Garcia;wfranklinow;FRfiHJQ;47
adeanox@fda.gov;Ashley;Dean;lpierceox;QgmYTMe;48
smilleroy@yahoo.co.jp;Samuel;Miller;sholmesoy;y2qPfSRwkQ;49
jarnoldoz@timesonline.co.uk;Jason;Arnold;crobertsonoz;SJsMEI;0
ewashingtonp0@slate.com;Eugene;Washington;hgordonp0;L8omIik;1
cwellsp1@bloglovin.com;Christopher;Wells;lcunninghamp1;7vSIZQl;2
vwhitep2@google.com.hk;Virginia;White;scooperp2;EG3CXpcDp2;3
sgordonp3@yolasite.com;Shawn;Gordon;ehendersonp3;JrM4HF;4
lleep4@tinyurl.com;Lois;Lee;djenkinsp4;hiqHmAz;5
wwarrenp5@hubpages.com;Walter;Warren;mjordanp5;7aKxNHV;6
rpowellp6@census.gov;Ryan;Powell;sholmesp6;1QXgJPZ;7
bwellsp7@chronoengine.com;Brenda;Wells;rhuntp7;GuGgrV3;8
sbaileyp8@dyndns.org;Samuel;Bailey;ddiazp8;x6fKY3;9
rpetersp9@weibo.com;Ralph;Peters;hruizp9;IvaQoo;10
bstanleypa@irs.gov;Brian;Stanley;lcampbellpa;uOkaMv;11
tyoungpb@wunderground.com;Thomas;Young;ewilsonpb;ii98mtklyH;12
jlewispc@home.pl;Judy;Lewis;ljonespc;S8kilIYn7;13
npetersonpd@washingtonpost.com;Nancy;Peterson;jrileypd;tAAGNfcBaH;14
kmedinape@nationalgeographic.com;Keith;Medina;jsullivanpe;id4HL13Kta;15
mbellpf@hibu.com;Marie;Bell;bsimmonspf;a8RQ6Mg;16
pfranklinpg@bloomberg.com;Peter;Franklin;pholmespg;yhemg7mc;17
dcruzph@dagondesign.com;Douglas;Cruz;gmartinph;jRGANsH5izR;18
jmoorepi@washington.edu;Julie;Moore;amorganpi;TY9vq490F5;19
mbaileypj@reddit.com;Mildred;Bailey;eortizpj;bj0wbhSX;20
tortizpk@flavors.me;Theresa;Ortiz;jharveypk;Z0CggnUflwvf;21
eoliverpl@hao123.com;Earl;Oliver;jperrypl;C50hIW42bVI;22
pholmespm@ebay.com;Paul;Holmes;pramirezpm;KY0srXa;23
njenkinspn@github.com;Nicole;Jenkins;kgomezpn;eVxBQPByNW8;24
efrazierpo@posterous.com;Evelyn;Frazier;cwatkinspo;3DBrNtL9v6Mc;25
tramirezpp@blogtalkradio.com;Teresa;Ramirez;jbarnespp;QuXY083Y6bJ;26
rthompsonpq@plala.or.jp;Ruth;Thompson;mkingpq;mA1uy15;27
tlynchpr@stanford.edu;Timothy;Lynch;jknightpr;MEOOtmocEf;28
hfergusonps@qq.com;Harold;Ferguson;dpayneps;3ArUNtDLmedF;29
dfieldspt@wix.com;Donna;Fields;aelliottpt;v1NRghhizQOG;30
cwoodspu@harvard.edu;Cynthia;Woods;djordanpu;286O3hzl;31
mbennettpv@liveinternet.ru;Mark;Bennett;cgreenepv;tnZLAxd6D;32
jrosspw@acquirethisname.com;Joyce;Ross;jgraypw;8YdKYk;33
sevanspx@unblog.fr;Shirley;Evans;ffowlerpx;hSw5bSpDqz;34
dwagnerpy@mapy.cz;Doris;Wagner;jsanderspy;q3flqqD0H;35
jandrewspz@stumbleupon.com;Jose;Andrews;aharveypz;wUUCDhViTqCN;36
jortizq0@gizmodo.com;Janice;Ortiz;vdunnq0;4fVYURgrq6E;37
dlittleq1@ed.gov;Diane;Little;rwashingtonq1;z15f8mzwiv;38
mtorresq2@hc360.com;Marilyn;Torres;dmorganq2;GWLS50dVay;39
bbrooksq3@theatlantic.com;Bonnie;Brooks;mwellsq3;UnnHfGQuD;40
jnguyenq4@geocities.jp;Judith;Nguyen;mwoodq4;bRnwehQu4;41
mbennettq5@weather.com;Maria;Bennett;rdayq5;k2979HIe4dJY;42
tvasquezq6@tripod.com;Todd;Vasquez;dshawq6;N3jP4v;43
hshawq7@zimbio.com;Howard;Shaw;solsonq7;fQliAH8lO;44
ileeq8@smh.com.au;Irene;Lee;jsullivanq8;n1znOM3V7p;45
dfranklinq9@rambler.ru;Denise;Franklin;iturnerq9;ABkqj7Fkd;46
rwoodqa@cyberchimps.com;Ralph;Wood;ehughesqa;XerLvOCXfW8y;47
rryanqb@bbb.org;Russell;Ryan;staylorqb;3IwfRa;48
ngomezqc@dagondesign.com;Nancy;Gomez;eharrisonqc;agKc4V3jVDy;49
dthomasqd@oakley.com;Doris;Thomas;ascottqd;a7nQab7MVjj;0
lruizqe@miibeian.gov.cn;Lawrence;Ruiz;lleeqe;FsKk8QeXp7n3;1
ekimqf@artisteer.com;Ernest;Kim;edayqf;TE553s;2
hsimsqg@miibeian.gov.cn;Helen;Sims;dgardnerqg;oFF0Mwxn3;3
jhillqh@nationalgeographic.com;Jose;Hill;bholmesqh;qZUWg9;4
astanleyqi@biglobe.ne.jp;Anthony;Stanley;bmartinqi;444mruba9B;5
tfergusonqj@i2i.jp;Theresa;Ferguson;cscottqj;siFIsEKltC;6
jharrisonqk@taobao.com;Jean;Harrison;elopezqk;PyYcr8FpHx0;7
afieldsql@sogou.com;Andrea;Fields;jruizql;GOmapaYHdqhx;8
jmatthewsqm@businessweek.com;Jason;Matthews;ewhiteqm;MPq6R0;9
gthompsonqn@parallels.com;Gary;Thompson;dsimsqn;1eFNHMZjxD;10
kwellsqo@ibm.com;Kimberly;Wells;swhiteqo;uQGPYw4LBg4l;11
cgonzalesqp@booking.com;Catherine;Gonzales;khudsonqp;eULvMoyhC7;12
jarnoldqq@examiner.com;Joshua;Arnold;rharrisqq;u2AbQcJ3Hz;13
apowellqr@netvibes.com;Adam;Powell;egarciaqr;NjrtIMHL9R1J;14
kcollinsqs@imageshack.us;Kimberly;Collins;jcooperqs;vWwqj5Fc;15
akimqt@thetimes.co.uk;Adam;Kim;kmedinaqt;SAIfnQ9oDMf;16
jrobinsonqu@joomla.org;Juan;Robinson;hpaynequ;8jqSbx;17
echapmanqv@wunderground.com;Eric;Chapman;lowensqv;pxPskjH8dK;18
jknightqw@about.com;Jeremy;Knight;esnyderqw;2fCGimtGcA;19
agarciaqx@slashdot.org;Arthur;Garcia;cboydqx;nnjCzzi;20
storresqy@plala.or.jp;Shawn;Torres;dlongqy;X60BCESCg1;21
jgreenqz@bandcamp.com;Joseph;Green;shansonqz;SpV4cCm;22
ebrownr0@woothemes.com;Edward;Brown;ejonesr0;L1BIt65CHlz;23
cstanleyr1@tuttocitta.it;Catherine;Stanley;jknightr1;ESzjO6U;24
vrussellr2@zdnet.com;Victor;Russell;rkelleyr2;2VTfxn3N;25
hduncanr3@ustream.tv;Harry;Duncan;mwilliamsr3;y5jxUlO;26
sthompsonr4@photobucket.com;Shawn;Thompson;gnicholsr4;HvxTeooP;27
lrobertsr5@aboutads.info;Lawrence;Roberts;bbaileyr5;MZUx7GLaYIn;28
jwestr6@mediafire.com;Jennifer;West;abutlerr6;pUDEotyVHdcA;29
sortizr7@hubpages.com;Shirley;Ortiz;phamiltonr7;caHKap;30
gbryantr8@cargocollective.com;George;Bryant;koliverr8;0DQ9TM7lsl;31
csimpsonr9@mac.com;Chris;Simpson;fhowardr9;TS6KzJCBBd0G;32
aallenra@state.gov;Anne;Allen;blawrencera;lDRtMyu6;33
bsimsrb@newsvine.com;Brian;Sims;aknightrb;EKQXQrUtto;34
jwatkinsrc@nymag.com;Joshua;Watkins;truizrc;IQ8Y5CLi;35
wcoxrd@privacy.gov.au;Wayne;Cox;nfergusonrd;2mnHHIv;36
wcolemanre@hexun.com;William;Coleman;jallenre;2qsna779y;37
hclarkrf@pinterest.com;Henry;Clark;npetersrf;yNT352OYN4tA;38
jbaileyrg@nydailynews.com;Judy;Bailey;wwoodsrg;ya1aBL;39
kjohnsonrh@bloomberg.com;Kelly;Johnson;tjacobsrh;4I5mrHbG0IF;40
aadamsri@google.com.hk;Antonio;Adams;chowardri;MOSwYL8M;41
kwagnerrj@altervista.org;Kathleen;Wagner;msimsrj;1Vwe59VesO;42
lgrahamrk@yolasite.com;Louise;Graham;hdeanrk;AJxZoz;43
swalkerrl@washington.edu;Stephen;Walker;jsimsrl;d3quKf;44
jparkerrm@thetimes.co.uk;Julia;Parker;gyoungrm;vdhG26;45
rjohnstonrn@unblog.fr;Randy;Johnston;rkelleyrn;zwLjTpiPppX;46
ecampbellro@sourceforge.net;Edward;Campbell;tbellro;gEM4DX;47
lmorrisonrp@unesco.org;Lawrence;Morrison;mgarrettrp;YvEgyorBFnI;48
bwatkinsrq@clickbank.net;Bonnie;Watkins;ajacobsrq;y1oyRhFKWfR;49