9787432070016;Artemisia Una Donna Appassionata;Foreign
9781621021827;Balloon For Allah;Documentary
9781604381597;Catch Tepig! A Pokemon Look and Listen Set Book;Family
9781604381580;Catch Oshawott! A Pokemon Look and Listen Set Book;Family
9781604381573;Catch Snivy! A Pokemon Look and Listen Set Book;Family
9780979910012;Can t Stop The Mama Prenatal Workouts;Exercise
9780971690127;Chair Dancing Chair Yoga Stretching and Relaxation From The Comfort Of Your Chair;Exercise
9780545398350;Children Make Terrible Pets;Family
8904036805146;Bheja Fry 2 Shemaroo  EAN Version;Foreign
8903539600111;Bodyguard 2011;Foreign
8717418451080;Big Hero 6    ;Animation
5060266600623;Bizet Carmen Rinat Shaham   Dmytro Popov   Andrew Jones ;Opera
5060266600616;Bizet Carmen Rinat Shaham   Dmytro Popov   Andrew Jones;Opera
5052442004530;Benjamin Britten Peace And Conflict;Drama
4582403870306;Bangkok Nights, Vol. 2 Yuki A Go Go;Late Night
4582403870269;Bangkok Nights, Vol. 1 Ero A Go Go;Late Night
3760115300750;Bolshoi A Renaissance;Documentary
904036805144;Bheja Fry 2 Dancing Dolphin;Foreign
899975002979;Bank Roll;Comedy
899975002931;Blue Dream;Drama
899975002924;Carrier 2011;Horror
897067000278;Awakened;Horror
897067000247;Blind Turn;Suspense Thriller
896602002852;Bellflower DVD and  Combo;Action Adventure
896602002692;Bunohan Return To Murder;Foreign
896602002470;Brooklyn Brothers Beat The Best;Comedy
896602002401;Bellflower;Action Adventure
895552002448;Capsulas;Foreign
894169009697;Bellydance Superstars Bombay Bellywood Live From Los Angeles;Dance Ballet
893261001981;Brother White ;Comedy
893261001790;Brother White;Comedy
893261001479;Christmas With A Capital C ;Family
893261001301;Christmas With A Capital C;Family
890399002613;Balance Flow Intermediate Vinyasa Yoga With Jennifer Kries;Exercise
889290161086;Boys Behind Bars 3;Drama
888608664639;Canal;Horror
888574118273;Case Against 8 ;Documentary
888574086602;Beware The Batman Dark Justice Season 1   ;Animation
888574012120;Childrens Hospital The Complete 5th Season ;TV Classics
888295201025;Black Beauty Breed;Documentary
888295179959;Capturing Grace Limited Release;Documentary
888295110884;Caretakers 2014  Special Edition;Suspense Thriller
887936993329;Boys Behind Bars 2;Drama
887936784309;Black Water Creek Legend Of Sasquatch;Horror
887936648830;Boys Behind Bars;Drama
887936443138;Awkward MTV Networks Season 3 ;TV Classics
887936009501;Buckwild Season 1 Uncensored ;TV Classics
887090701808;Cinco De Mayo 2013  ;Horror
887090701709;Cinco De Mayo 2013;Horror
887090701006;Auschwitz;Foreign
887090087605;Blumenthal ;Comedy
887090084901;Blumenthal;Comedy
886470946419;Cannibal Possession Heart Of Ice;Documentary
886470849048;Basketball Wives LA Season 2 ;TV Classics
886470843299;Catfish The TV Show ;TV Classics
886470762811;Big Ang Season 1 ;TV Classics
886470739219;Awkward MTV Networks Season 2 ;TV Classics
886470736324;Bloodline Vengeance From Beyond;Horror
886470654826;Awesome Killer Auditions It s Murder Being A Star;Thriller
886470542048;Basketball Wives Season 4 ;TV Classics
886470475988;Basketball Wives LA Season 1 ;TV Classics
886470330775;Basketball Wives Season 3 ;TV Classics
886470309634;Awkward MTV Networks Season 1 ;TV Classics
885686931943;Bela Kiss Prologue;Horror
885444428012;Cam Girl;Horror
884501818995;Augie T. I Was Left Behind;Comedy
884501770026;Bus;Documentary
884501629935;Black Briefs;Drama
884501626767;Cigars The Heart and Soul Of Cuba;Documentary
884088581572;Christopher Kazoo and Bongo Boo Book;Family
883929514816;Christmoose Story;Foreign
883929488278;Castles In The Sky;Drama
883929487134;Blackwood;Horror
883929483174;Batman Year One  and Batman Year One Graphic Novel;Animation
883929481026;Banshee 2013 The Complete 1st Season ;TV Classics
883929476794;Banshee 2013 The Complete 1st Season;TV Classics
883929475605;Casual Vacancy ;Drama
883929475599;Casual Vacancy;Drama
883929471065;Call The Midwife Season 4 ;TV Classics
883929471058;Call The Midwife Season 4;TV Classics
883929470310;Boardwalk Empire The Complete 2nd Season;TV Classics
883929470303;Boardwalk Empire The Complete 3rd Season;TV Classics
883929457816;Black Mass;Documentary
883929457809;Black Mass   Rental Ready;Documentary
883929457793;Black Mass Rental Ready;Documentary
883929457786;Black Mass ;Documentary
883929456383;Bill Maher Live From D.C. ;Comedy
883929456093;Boardwalk Empire The Complete 4th Season;TV Classics
883929456086;Boardwalk Empire The Complete 4th Season;TV Classics
883929456000;Atlantis 2013 Season 2 ;TV Classics
883929455997;Atlantis 2013 Season 2;TV Classics
883929454549;Big Bang Theory The Complete 8th Season ;TV Classics
883929454518;Big Bang Theory The Complete 8th Season;TV Classics
883929449798;Black Jesus 2014 Season 1;TV Classics
883929448173;Boardwalk Empire The Complete 5th Season;TV Classics
883929447763;Boardwalk Empire The Complete 5th Season;TV Classics
883929445172;Arrow 2012 The Complete 3rd Season;TV Classics
883929444786;Arrow 2012 The Complete 3rd Season;TV Classics
883929425099;Billy Crystal 700 Sundays;Comedy
883929422609;Arrow 2012 The Complete 2nd Season ;TV Classics
883929422111;Big Bang Theory The Complete 7th Season ;TV Classics
883929422074;Churchill s First World War;Documentary
883929411252;Brazil With Michael Palin ;Documentary
883929411160;Brazil With Michael Palin;Documentary
883929409761;Banshee 2013 The Complete 2nd Season;TV Classics
883929409754;Banshee 2013 The Complete 2nd Season;TV Classics
883929405930;Boardwalk Empire The Complete 2nd Season Old Version  2014 Release;TV Classics
883929405916;Boardwalk Empire The Complete 3rd Season Old Version  2014 Release;TV Classics
883929400805;Boardwalk Empire The Complete 3rd Season ;TV Classics
883929400775;Boardwalk Empire The Complete 2nd Season;TV Classics
883929400300;Bear Family and Me;TV Classics
883929400089;Argo Academy Awards Slipcase;Drama
883929394616;Arrow 2012 The Complete 1st Season ;TV Classics
883929393619;Big Bang Theory The Complete 6th Season ;TV Classics
883929392322;Boardwalk Empire The Complete 4th Season ;TV Classics
883929391615;Boardwalk Empire The Complete 4th Season Old Version;TV Classics
883929388974;Blended Rental Ready;Comedy
883929388882;Blended   Rental Ready;Comedy
883929388240;Blended ;Comedy
883929386925;Blended;Comedy
883929382347;Argo  w  Gas Cash;Drama
883929381050;Atlantis 2013 Season 1 ;TV Classics
883929380442;Atlantis 2013 Season 1;TV Classics
883929377190;Christmas Bounty ;Action Comedy
883929377169;Christmas Bounty;Action Comedy
883929375004;Arrow 2012 The Complete 2nd Season;TV Classics
883929373451;Arrow 2012 The Complete 2nd Season;TV Classics
883929373420;Big Bang Theory The Complete 7th Season ;TV Classics
883929373406;Big Bang Theory The Complete 7th Season;TV Classics
883929356270;Call The Midwife Season 3;TV Classics
883929356225;Call The Midwife Season 3 ;TV Classics
883929355334;Christmas Angel 2011  a.k.a. My Angel;Family
883929348695;Behind The Candelabra ;Drama
883929348657;Behind The Candelabra;Drama
883929346509;Cirque Du Soleil Worlds Away Warner Brothers     ;Fantasy
883929346493;Cirque Du Soleil Worlds Away Warner Brothers  ;Fantasy
883929346486;Cirque Du Soleil Worlds Away Warner Brothers;Fantasy
883929341191;Argo Extended Edition  ;Drama
883929341054;Burton and Taylor;Drama
883929340422;Being Human 2008 Season 5 ;TV Classics
883929340408;Being Human 2008 Season 5;TV Classics
883929336630;Beware The Batman Dark Justice Season 1;Animation
883929336456;Call The Midwife Seasons 1 and 2;TV Classics
883929335701;Campaign  w  Movie Cash;Comedy
883929335565;Campaign w  Movie Cash;Comedy
883929330454;Call The Midwife Season 2;TV Classics
883929329649;Call The Midwife Season 2 ;TV Classics
883929326174;Big Top Scooby-Doo!;Animation
883929318834;Banshee 2013 The Complete 1st Season   Old Version;TV Classics
883929318827;Banshee 2013 The Complete 1st Season Old Version;TV Classics
883929294169;Arrow 2012 The Complete 1st Season;TV Classics
883929293483;Arrow 2012 The Complete 1st Season ;TV Classics
883929289561;Batman The Dark Knight Returns Special Edition  ;Animation
883929286195;Boardwalk Empire The Complete 3rd Season Old Version  2013 Release;TV Classics
883929286034;Boardwalk Empire The Complete 3rd Season ;TV Classics
883929279975;Big Bang Theory The Complete 6th Season ;TV Classics
883929278459;Big Bang Theory The Complete 6th Season;TV Classics
883929278268;Ben 10 Omniverse, Vol. 2 Heroes Rise;Animation
883929278251;Ben 10 Omniverse, Vol. 3 Aliens At War;Animation
883929277049;Black Dynamite 2011 Season 1;Animation
883929277032;Black Dynamite 2011 Season 1 ;Animation
883929274932;Ben 10 Omniverse, Vol. 1 A New Beginning;Animation
883929270446;Call The Midwife Season 1 ;TV Classics
883929269815;Call The Midwife Season 1;TV Classics
883929269402;Beautiful Creatures 2013;Drama
883929269389;Beautiful Creatures 2013  Rental Ready;Drama
883929269372;Beautiful Creatures 2013  ;Drama
883929269358;Beautiful Creatures 2013;Drama
883929267682;Ben 10 Destroy All Aliens;Animation
883929267675;Christmas Story 2   Rental Ready;Comedy
883929267088;Christmas Story 2 ;Comedy
883929260492;Batman The Dark Knight Returns Deluxe Edition;Animation
883929255719;Beware The Batman Season 1 Shadows Of Gotham;Animation
883929254491;Christmas Story 2 Rental Ready;Comedy
883929254408;Batman The Dark Knight Returns Deluxe Edition  DVD and;Animation
883929253012;Chernobyl Diaries ;Horror
883929252978;Chernobyl Diaries;Horror
883929252794;Chernobyl Diaries   Rental Ready;Horror
883929252787;Chernobyl Diaries Rental Ready;Horror
883929252305;Big Bang Theory The Complete 5th Season ;TV Classics
883929252299;Christmas Story 2;Comedy
883929252220;Batman The Dark Knight Returns ;Animation
883929252213;Batman The Dark Knight Returns;Animation
883929246847;Bullet To The Head ;Action Adventure
883929244003;Apparition 2012;Horror
883929243990;Apparition 2012  Rental Ready;Horror
883929242498;Campaign   Rental Ready;Comedy
883929242467;Campaign Rental Ready;Comedy
883929242412;Argo   Rental Ready;Drama
883929242375;Argo Rental Ready;Drama
883929241415;Argo;Drama
883929241408;Argo ;Drama
883929241392;Argo;Drama
883929240746;Campaign;Comedy
883929240739;Campaign ;Comedy
883929240401;Bullet To The Head   Rental Ready;Action Adventure
883929240395;Bullet To The Head Rental Ready;Action Adventure
883929239771;Born To Be Wild IMAX   Rental Ready;Documentary
883929239764;Born To Be Wild IMAX Rental Ready;Documentary
883929233618;Bored To Death The Complete 3rd Season ;TV Classics
883929233601;Bored To Death The Complete 3rd Season;TV Classics
883929232901;Being Human 2008 Season 4;TV Classics
883929232895;Being Human 2008 Season 4 ;TV Classics
883929231812;Batman The Dark Knight Returns Special Edition  ;Animation
883929229888;Born To Be Wild IMAX    DVD and;Documentary
883929229406;Chuck The Complete 5th And Final Season ;TV Classics
883929229109;Chuck The Complete 5th And Final Season;TV Classics
883929228805;Batman The Brave And The Bold Season 3;Animation
883929222889;Boardwalk Empire The Complete 2nd Season Old Version  2012 Release;TV Classics
883929222872;Boardwalk Empire The Complete 2nd Season ;TV Classics
883929222353;Big Bang Theory The Complete 5th Season;TV Classics
883929221943;Big Bang Theory The Complete 5th Season;TV Classics
883929220748;Big Top Scooby-Doo! ;Animation
883929220731;Big Top Scooby-Doo! Old Version;Animation
883929220496;Child s Garden Of Poetry;Family
883929213115;Born To Be Wild IMAX DVD and;Documentary
883929213085;Born To Be Wild IMAX;Documentary
883929209460;Batman Year One Special Edition;Animation
883929206278;Cinema Verite ;Drama
883929206148;Batman The Dark Knight Returns ;Animation
883929206131;Batman The Dark Knight Returns;Animation
883929201112;Cinema Verite;Drama
883929196319;Cinderella Story Once Upon A Song;Family
883929191444;Being Human 2008 Season 3;TV Classics
883929191413;Bedlam 2011 Season 1;TV Classics
883929191178;Arthur 2011  ;Comedy
883929191161;Arthur 2011;Comedy
883929189342;Being Human 2008 Season 3 ;TV Classics
883929189182;Big Love The Complete 5th Season;TV Classics
883929153602;Batman Year One ;Animation
883929153589;Batman Year One;Animation
883929147083;Apparition 2012;Horror
883929144327;Apparition 2012  ;Horror
883904293750;Carrie 2013    Lenticular Package;Horror
883904293699;Carrie 2013;Horror
883476150253;Brave Heart The Lizzie Velasquez Story;Documentary
883476149271;Cake Boss Season 6, Vol. 2;TV Classics
883476148823;Christmas Switch;Family
883476148816;Christmas Tail 2014;Family
883476148793;Camilla Dickinson;Family
883476148236;Best Chistmas Party Ever;Drama
883476148229;Christmas At The Cartwright s;Drama
883476147949;Bottoms Up;Documentary
883476147796;Cedar Cove Season 2;TV Classics
883476147567;Bossip Comedy Series Part 1;Comedy
883476147192;Cake Boss Season 6, Vol. 1;TV Classics
883476147161;Black Church, Inc. Prophets For Profit;Documentary
883476146966;Call Of The Wildman Season 4;TV Classics
883476146904;Beside Still Waters;Comedy
883476146874;Blindsided;Suspense Thriller
883476146775;Bleaching Black Culture;Documentary
883476146355;Bound 2015;Drama
883476146171;Battle Apocalypse;SciFi
883476146003;Bet s A Bet;Comedy
883476145617;Ardennes Fury ;Action Adventure
883476145341;Breaking Amish Los Angeles Season 1;TV Classics
883476145242;Breaking Amish Season 2;TV Classics
883476144917;Ardennes Fury;Action Adventure
883476144849;Baby s First Christmas 2012   Bride For Christmas;VAR
883476144634;Christmas Ornament;Drama
883476144627;Breaking At The Edge;Horror
883476144610;Bermuda Tentacles ;SciFi
883476144603;Bermuda Tentacles;SciFi
883476144009;Around The Block;Drama
883476143798;Cedar Cove Season 1;TV Classics
883476143507;Banner 4th Of July;Drama
883476143439;Bering Sea Gold Season 2;Documentary
883476143224;Cake Boss Season 5, Vol. 2;TV Classics
883476143033;Asian Schoolgirls ;Action Adventure
883476143002;Asteroid Vs. Earth ;SciFi
883476142982;Asian Schoolgirls;Action Adventure
883476142951;Asteroid Vs. Earth;SciFi
883476131344;Be My Valentine 2013;Drama
883476120829;Christmas Magic;Drama
883476120706;Barabbas 2012;Drama
883476120690;Barabbas 2012  ;Drama
883476093420;CAT. 8;SciFi
883476093413;CAT. 8 ;SciFi
883476093161;Blood Runs Cold;Horror
883476092324;Bouquet;Drama
883476091983;Case For Christmas;Comedy
883476091327;Christmas Pageant;Family
883476081502;Christmas Miracle;Family
883476040523;Christmas Lodge;Family
883476031675;Behemoth;SciFi
883316910931;Cheshire Murders ;Documentary
883316873106;Apology To Elephants ;Documentary
883316780862;Childrens Hospital The Complete 4th Season ;TV Classics
883316452523;Citizen U.S.A. A 50 State Roadtrip ;Documentary
883316390900;Bachelorette 2003 The Complete 7th Season ;TV Classics
881522011657;Blinder Cancelled;Drama
881394119826;Citizen Autistic;Documentary
881394118928;As High As The Sky;Drama
881394118126;Castle Project;Documentary
881394117921;Bernadette;Documentary
881394114425;Becoming Santa Miramax Echo Bridge;Comedy
881164000736;B.A.M.150;Documentary
881164000712;Becoming Traviata;Foreign
880242739087;Bloody Daughter;Documentary
880242739049;Bloody Daughter ;Documentary
880198135391;Cardboard Bernini;Documentary
880198129796;Boy Mir Ten Years In Afghanistan;Documentary
879795000218;Chocolate Sundaes Presents Live On Sunset Strip! 2;Comedy
878746012591;Bloodmarsh Krackoon;Comedy
878746012393;Babysitter Massacre Special Edition;Horror
878746011990;Bleeding Through;Horror
876964008518;Ballet 422 ;Ballet
876964008501;Ballet 422;Ballet
876964008464;Blood Lands ;Suspense Thriller
876964008457;Blood Lands;Suspense Thriller
876964006576;Big Bad Wolves ;Foreign
876964006569;Big Bad Wolves;Foreign
876964006538;Best Night Ever ;Comedy
876964006521;Best Night Ever;Comedy
876964006453;Beyond Outrage ;Foreign
876964006446;Beyond Outrage;Foreign
876964006293;Best Man Down ;Comedy
876964006286;Best Man Down;Comedy
876964006279;Bad Milo!;Comedy
876964006262;Bad Milo!;Comedy
876964006187;Blackfish ;Documentary
876964006170;Blackfish;Documentary
876964005586;Brass Teapot ;Comedy
876964005579;Brass Teapot;Comedy
876964005449;At The Gate Of The Ghost ;Foreign
876964005432;At The Gate Of The Ghost;Foreign
876964005159;Bones Brigade An Autobiography ;Documentary
876964005142;Bones Brigade An Autobiography;Documentary
876964004831;Apartment 143 ;Horror
876964004824;Apartment 143;Horror
876964004367;Blackthorn ;Western
876964004350;Blackthorn;Western
876122005441;Aqui Entre Nos;Foreign
876122005120;Canela;Foreign
876122004864;Cartas A Elena;Foreign
876122004314;Ciegas, Sordas Y Divorciadas;Foreign
876122004307;Barrio MMA Kid;Action Adventure
875707069090;Arpeggio Of Blue Steel;Anime
874482004593;Bellydance Twins Fitness For Beginners Arms, Abs, Hips, Buns and Thighs With Veena and Neena;Exercise
874482004586;Bellydance Twins Fitness For Beginners Basic Moves and Fat Burning With Veena and Neena;Exercise
874482004579;Bellydance Twins Fitness For Beginners Slim Down With Veena and Neena;Exercise
874482004524;Bender Ball Bender Barre None Lean Cuts;Exercise
874482004517;Bender Ball Bender Barre None Total Body Condiditioning;Exercise
874482003886;Blood Type Workout Type AB Dance Cardio With Sarah Otey;Exercise
874482003879;Blood Type Workout Type B Low Impact Cardio Strength With Ellen Barrett;Exercise
874482003862;Blood Type Workout Type A Fusion Strength With Kristen McGee;Exercise
874482003855;Blood Type Workout Type O Kickboxing With Patricia Moreno;Exercise
874482003558;Bigfoot s Wild Weekend;SciFi
874482001684;Christie Taylor Totally Cool Step 2;Exercise
873820003014;Book Of The Dead Eschatrilogy;Horror
873820002666;Broken Roads;Drama
865953000060;By God s Grace;Family
859831007364;Babes Behind Bars;Late Night
858339002024;Celebrity Sweat Bynum;Exercise
858199011624;Bigfoot Wars;SciFi
857965003979;Breaking Through 2012;Documentary
857965003948;Buttwhistle Breaking Glass Pictures;Comedy
857965003870;Capital Games;Drama
857965003559;Bob s New Suit Breaking Glass Pictures;Drama
857965003214;Casserole Club;Drama
857692005437;Barefoot Artist;Documentary
857692005222;Belle And Sebastian;Foreign
857692005154;Chambermaid 2014;Foreign
857533003684;Black Rider Revelation Road 3 ;Action Adventure
857533003677;Black Rider Revelation Road 3;Action Adventure
857533003349;Book Of Daniel 2013  ;Drama
857533003332;Book Of Daniel 2013;Drama
857533003325;Book Of Esther ;Drama
857533003318;Book Of Esther;Drama
857490005127;Buzzard;Comedy
857490005035;Art And Craft;Documentary
855332003133;Assumed Killer;Suspense Thriller
855114005430;Brooklyn Bizarre;Drama
855114005065;Blackbird 2012;Drama
854565001800;Beyond Zero 1914-1918;Documentary
854565001503;Chantal Akerman, From Here;Foreign
854555004859;Big Gay Love;Comedy
854555004033;Bullet Collector;Foreign
853937002865;Bite Marks Breaking Glass Pictures  Special Edition;Horror
853937002704;Bloodlust Zombies;Horror
853476002814;Breathe;Drama
852643005009;Big Shootout Life and Times Of 1969;Documentary
852251004296;Chastity Bites;Comedy
852251004289;Chasing Beauty;Documentary
851597006162;Children Of The Night 2014  ;Comedy
851597006124;Bloody Knuckles ;Horror
851597006117;Children Of The Night 2014;Comedy
851597006056;Bloody Knuckles;Horror
851410005389;Brotherly Love 2015;Drama
851410005327;Call Me King;Action Adventure
851410005037;Border Break;Thriller
851410005020;Big Losers;Comedy
851339004234;Berlin File;Foreign
851339004111;Black Eagle Return To Base;Foreign
850836005324;Boobs, Babes and Belly Laughs The Sex Comedy Collection Nipples and Palm Trees   Space Girls In Beverly Hills   ;Comedy
850836005300;Battle B-Boy Cinema Epoch;Action Comedy
850153003775;Challenger 2015;Action Adventure
850153003157;Bird Of The Air ;Drama
848957000298;Christmas Candle ;Drama
848957000281;Christmas Candle;Drama
848957000014;Beyond The Heavens;Family
845637001651;Casting Me;Comedy
845637001637;Captive Beauty;Foreign
844667022193;Christine Felstead s Yoga For Runners Intermediate Program;Exercise
841887026826;Black Panthers Vanguard Of The Revolution;Documentary
841887026789;Blood Lions;Documentary
841887026550;Chef s Life Season 3;TV Classics
841887026079;Brain With David Eagleman;Documentary
841887025898;Bomb;Documentary
841887025706;Blackout The American Experience;Documentary
841887025027;Caring For Mom and Dad;Documentary
841887024952;Children Of Giant;Documentary
841887023863;Chef s Life Holiday Special;TV Classics
841887022927;Chef s Life Season 2;TV Classics
841887022811;Chef s Life Season 1;TV Classics
841887022682;Big Burn The American Experience;Documentary
841887020671;Bletchley Circle Season 2 ;TV Classics
841887020664;Bletchley Circle Season 2;TV Classics
841887020275;Best Of Men;Drama
841887019620;Brains On Trial With Alan Alda;Documentary
841887019057;Black Kung Fu Experience;Documentary
841887018845;Bletchley Circle ;TV Classics
841887018838;Bletchley Circle;TV Classics
841887018586;Central Park Five ;Documentary
841887018579;Central Park Five;Documentary
841887018036;Arts and The Mind;Documentary
841887017985;Choice 2012 Frontline;Documentary
841887017862;Breakfast Special 2 Revenge Of The Omelets;Documentary
841887017329;Barnes Collection;Documentary
841887017183;Autism Enigma;Documentary
841887016162;Billy The Kid The American Experience;Documentary
841887014670;Black In Latin America ;Documentary
841887014496;Black In Latin America;Documentary
841887014335;Black In Latin America   PBS Direct;Documentary
841887014304;Battle For Haiti Rebuilding In The Face Of Gang Violence And Corruption Frontline;Documentary
832615002113;Battle B-Boy Bosko Group;Action Adventure
832615002083;Bloody Bloody Bible Camp;Comedy
829567118429;Christmas With The Karountzoses;Comedy
829567112021;Believe Me ;Comedy
829567111529;Breaking Free Shale Rock Revolution;Documentary
829567111222;Believe Me;Comedy
829567109229;Brony Tale ;Documentary
829567108727;Bridgend;Documentary
829567105627;Ballin  At The Graveyard;Documentary
829567105023;Brony Tale;Documentary
829567104224;Bible Quiz;Documentary
829567098820;Autumn Blood Virgil Films and Entertainment;Thriller
829567097724;Bridegroom;Documentary
829567096024;Art Machine;Comedy
829567094129;Buffalo Girls 2012;Documentary
829567090824;Axe Giant The Wrath Of Paul Bunyan;Horror
829567088425;Carl Panzram The Spirit Of Hatred And Vengeance;Drama
829567088029;Big Boys Gone Bananas!;Documentary
829567087824;Battle For Brooklyn;Drama
829567086223;Ayn Rand and The Prophecy Of Atlas Shrugged;Documentary
829567082928;Celluloid Bloodbath More Prevues From Hell;Horror
829567078129;Becoming Chaz;Documentary
829461000325;Asylum Tapes;Horror
828970169097;Chalo Dilli;Foreign
827191001551;Ariana Grande Her Life, Her Story;Documentary
827191000592;Chelsea Handler Pushing The Boundaries Unauthorized Documentary;Documentary
827191000455;Charlie Sheen Born To Be Wild;Documentary
826663163124;Bound To Vengeance ;Horror
826663163032;Bloodsucking Bastards ;Comedy
826663163025;Bloodsucking Bastards;Comedy
826663159936;Army Of Frankensteins ;Horror
826663159929;Army Of Frankensteins;Horror
826663159912;Backcountry ;Suspense Thriller
826663159905;Backcountry;Suspense Thriller
826663159462;Black and White The Dawn Of Assault ;Foreign
826663159455;Black and White The Dawn Of Assault;Foreign
826663159332;Babadook ;Horror
826663157741;Babadook Special Edition  ;Horror
826663157734;Babadook;Horror
826663153583;Brazillian Western DVD and  Combo;Foreign
826663151947;Battery ;Horror
826663151930;Battery;Horror
826663150438;Bushido Man Seven Deadly Battles ;Action Adventure
826663150100;Bushido Man Seven Deadly Battles;Action Adventure
826663146714;Beneath 2013  Shout! Factory  Dir. by Larry Fessenden  ;Horror
826663146707;Beneath 2013  Shout! Factory  Dir. by Larry Fessenden;Horror
826663146578;Bullet In The Face The Complete Series;TV Classics
826663144116;Chilling Visions 5 Senses Of Fear ;Horror
826663144109;Chilling Visions 5 Senses Of Fear;Horror
826663138856;Aquabats! Super Show! Season 1!;TV Classics
826262011895;Bee People;Documentary
826262011499;Boredom;Documentary
825307933291;Blue Tide;Suspense Thriller
825307930894;Ardeshir Mohasses The Rebellous Artist;Foreign
825284201956;B-Side;Comedy
825284201949;Boiling Pot;Drama
825284201932;Book Club 2015;Documentary
825284201857;Butterfly Girl;Documentary
825284201802;Before I Sleep;Drama
825284201581;Cabining;Horror
824363016399;Chris Hardwick Mandroid;Comedy
824355549027;Bullish;Comedy
824355541922;Broken Code;Thriller
824355537321;Be My Teacher;Drama
822928050697;Arise Of The Snake Woman;Horror
822928050598;Captain Battle Legacy War;War
822928050499;Attack Of The Jurassic Shark;Horror
821145880896;Booty Poppin 8;Late Night
821145799792;Booty Poppin 9;Late Night
820759222597;AVN Awards Part 2;Late Night
820759222290;BikeFest, Vol. 5;Late Night
818768011684;Bad Apple 2014;Family
818768010991;California Winter;Drama
818768010977;Box For Rob;Mystery Suspense
818768010830;Christmas Tree Miracle;Family
818768010595;Beauty And The Least;Comedy
818728010368;Camp 2013;Drama
818728010351;Break Away;Drama
818522013459;Authors Anonymous FilmRise    ;Comedy
818522013404;Beyond 2014  FilmRise    ;SciFi
818522013220;Bite Marks FilmRise    ;Horror
818522013121;Breakaway 2011  FilmRise    ;Comedy
818522012919;Atari Game Over   ;Documentary
818522012865;Birder s Guide To Everything FilmRise    ;Comedy
818522012698;Buttwhistle FilmRise    ;Comedy
818522012681;Before Dawn   ;Horror
818522012407;Bob s New Suit FilmRise    ;Drama
818522012292;Chaos On The Bridge ;Documentary
818522012261;Black and White and Sex   ;Drama
818522012223;Black and White and Sex ;Drama
818522012131;Breath Of Life 2014    ;Documentary
818522012124;Breath Of Life 2014  ;Documentary
818522012070;Brush With Danger ;Action Adventure
818522011653;Blinder ;Drama
816943012303;Caroline And The Magic Potion;Animation
816943011641;Billy Club;Horror
816943011498;Art Of Darkness 2012;Horror
816943010965;Bates Haunting;Suspense Thriller
816943010699;Beware Of Mr. Baker;Documentary
816943010422;Back To The Sea Viva Pictures;Animation
816943010286;Cellmates;Comedy
815300012659;Bordering On Bad Behavior;Action Adventure
815300012550;Betrayal 2013;Action Adventure
815300012055;Bunker 2014;War
815300011911;Balls To The Wall;Comedy
815300011430;Battle Earth;SciFi
815300011157;Appropriate Adult Alternate UPC;Drama
815300010938;Back From Hell;Horror
815300010921;Appropriate Adult;Drama
815047018983;Bridge 2011 Season 2;Foreign
815047018624;Churchmen Season 1;Foreign
815047018471;Blood Of The Vine Season 3;Foreign
815047018105;Cesare Mori The Complete Series;Foreign
815047017962;Bridge 2011 Season 1;Foreign
815047017894;Arne Dahl Season 1;Foreign
815047017535;Borgen Season 3;Foreign
815047017498;Blood On The Docks, Vol. 1;Foreign
815047017399;Borgen Season 2;Foreign
815047017382;Blood Of The Vine Season 2;Foreign
815047017276;Blood Of The Vine Season 1;Foreign
814838014081;Beast Of X Moor;Horror
814838013930;Bring Me The Head Of The Machine Gun Woman;Foreign
814838013893;Beyond 2014  Screen Media Films;SciFi
814838013626;Authors Anonymous Screen Media Films;Comedy
814838013602;Birder s Guide To Everything Screen Media Films;Comedy
814838013596;Battle Of The Undead;Foreign
814838013565;Back In The Day 2014;Comedy
814838013503;Army Of The Damned;Horror
814838013398;Awful Nice;Comedy
814838013312;Christmas Angel In The House;Family
814838013305;C.O.G.;Comedy
814838013268;Blue Collar Hooligan;Action Adventure
814838013237;Birds Of A Feather;Drama
814838013190;Becoming Redwood;Drama
814838013114;Casting Couch 2013;Comedy
814838012841;Catch The Fire The Stars Of The Hunger Games;Documentary
814838012681;Below Zero;Suspense Thriller
814838012544;Breakaway 2011  Screen Media Films;Comedy
814838012056;Assassin s Code;Suspense Thriller
814337010744;Bizet Carmen Beatrice Uria-Monzon   Roberto Alagna   Marina Poplavskaya ;Opera
814337010737;Bizet Carmen Beatrice Uria-Monzon   Roberto Alagna   Marina Poplavskaya;Opera
814131019820;Bodacious Space Pirates Collection 2 ;Anime
814131019479;Black Bullet Complete Collection;Anime
814131019271;Argevollen Collection 1;Anime
814131019240;Btooom! Complete Collection ;Anime
814131019028;Bodacious Space Pirates Collection 2;Anime
814131018731;Campione! Complete Collection ;Anime
814131018724;Battle Girls Time Paradox Complete Collection ;Anime
814131018373;Blade and Soul Complete Collection ;Anime
814131018281;Celestial Method Complete Collection;Anime
814131017871;Captain Earth Collection 2 ;Anime
814131017826;Bodacious Space Pirates Collection 1 ;Anime
814131017727;Bodacious Space Pirates Collection 1;Anime
814131017475;Beyond The Boundary Complete Collection DVD and  Combo  Collector s Edition;Anime
814131017376;Beyond The Boundary Complete Collection ;Anime
814131017352;Busou Shinki Armored War Goddess Complete Collection;Anime
814131017123;Children Who Chase Lost Voices ;Anime
814131017024;Children Who Chase Lost Voices;Anime
814131016485;Argevollen Collection 2 ;Anime
814131016478;Atelier Escha and Logy Alchemists Of The Dusk Sky Complete Collection ;Anime
814131016089;Blue Spring Ride Complete Collection ;Anime
814131015853;Bodacious Space Pirates The Complete Collection ;Anime
814131015754;Bodacious Space Pirates The Complete Collection;Anime
814131015631;Btooom! Complete Collection;Anime
814131015372;Captain Earth Collection 1;Anime
814131015365;Brynhildr In The Darkness Complete Collection ;Anime
814131015280;Blade Dance Of The Elementalers Complete Collection ;Anime
814131015266;Brynhildr In The Darkness Complete Collection;Anime
814131014986;Chaika The Coffin Princess Season 1 ;Anime
814131014887;Aura Koga Maryuin s Last War ;Anime
814131014832;Campione! Complete Collection;Anime
814131014078;Blade and Soul Complete Collection;Anime
814131013989;Black Bullet Complete Collection ;Anime
814131013682;Argevollen Collection 1 ;Anime
814131013675;Captain Earth Collection 2;Anime
814131012975;Beyond The Boundary Complete Collection;Anime
814131012838;Battle Girls Time Paradox Complete Collection;Anime
814131012593;Celestial Method Complete Collection ;Anime
814131012180;Argevollen Collection 2;Anime
814131011978;Atelier Escha and Logy Alchemists Of The Dusk Sky Complete Collection;Anime
814131011688;Blue Spring Ride Complete Collection;Anime
814131010971;Captain Earth Collection 1 ;Anime
814131010780;Blade Dance Of The Elementalers Complete Collection;Anime
814131010483;Chaika The Coffin Princess Season 1;Anime
814131010384;Aura Koga Maryuin s Last War;Anime
813153011812;Bad Behavior 2012;Suspense Thriller
813153011744;Big Love Story;Comedy
813153011737;Bloodline 2013;Horror
813153011584;Briefcase;Comedy
813153011546;Brilliant Mistakes;Drama
813153011362;Awaken 2012;SciFi
813153011119;Behind Your Eyes;Suspense Thriller
812687011640;Cage Fight;Action Adventure
812687011541;Bomb Squad 2011;Action Adventure
812687011374;Bunny Play Date;Family
812491016442;Black Coal, Thin Ice ;Foreign
812491016435;Black Coal, Thin Ice;Foreign
812491016176;Brotherhood Of Blades ;Foreign
812491016169;Brotherhood Of Blades;Foreign
812491015711;Chef, The Actor, The Scoundrel ;Foreign
812491015704;Chef, The Actor, The Scoundrel;Foreign
812491015674;As The Light Goes Out ;Foreign
812491015667;As The Light Goes Out;Foreign
812491015520;Attorney;Foreign
812491015414;Child Of God ;Drama
812491015407;Child Of God;Drama
812491015247;Baby Blues 2013  ;Horror
812491015230;Baby Blues 2013;Horror
812491015124;Cavemen ;Comedy
812491015117;Cavemen;Comedy
812491014530;Cat 2011;Foreign
812491014516;Cat 2011  ;Foreign
812491014431;Badges Of Fury ;Foreign
812491014424;Badges Of Fury;Foreign
812491014097;Back To 1942 ;Foreign
812491014080;Back To 1942;Foreign
812491013809;Bangkok Revenge ;Foreign
812491013793;Bangkok Revenge;Foreign
812491013601;Assassins 2012  ;Foreign
812491013595;Assassins 2012;Foreign
812491013564;Battleground 2012  ;Action Adventure
812491013557;Battleground 2012;Action Adventure
812491013373;Best Laid Plans 2012  DVD and  Combo;Drama
812491013366;Best Laid Plans 2012;Drama
812073021215;Chill The Killing Games;Horror
812073021178;Bloody Sin Abominations Of The Third Reich;Horror
812073021123;Changing Of Ben Moore;Horror
812073020997;Awaken The Devil;Horror
812073020362;Arkham Sanitarium Soul Eater;Horror
812073020126;Apparition Of Evil Ancient Malevolence Preys On The Living;Horror
811894020360;Bride 2015;Horror
811894020308;Birder;Family
811894020223;Chavez Cage Of Glory;Action Adventure
811894020032;Baby Geniuses And The Treasures Of Egypt;Family
809478071136;Berlioz Les Troyens Anna Caterina Antonacci   Bryan Hymel   Eva-Maria Westbroek ;Opera
809478070962;Bizet Carmen In  Christine Rice   Bryan Hymel   Dawid Kimberg Orchestra And Chorus Of The Royal Opera House ;Opera
809478010975;Berlioz Les Troyens Anna Caterina Antonacci   Bryan Hymel   Eva-Maria Westbroek;Opera
807839006803;Blood For Irina DVD and  Combo;Horror
807839006742;Atomic Age;Foreign
807839006490;Bad Boy Street;Foreign
807839005875;Beauty;Drama
807839005769;Buffering;Comedy
805764013095;Blood Shed A Brother s Revenge;Action Adventure
804879770992;Brando Unauthorized;Drama
802993711006;Christmas Spirit;Family
802993214507;Big Bust Theory;Late Night
802993210004;Bikini Time Machine;Late Night
801193153494;Brenda Jackson s Truly Everlasting;Drama
799632653233;Burn 2012;Documentary
799632653226;Burn 2012  ;Documentary
798657804736;Bodies;Suspense Thriller
798657801834;Brick City 2011;Action Adventure
798657800738;Bellman Equation;Documentary
798657800134;Brick City 2011  Cancelled;Action Adventure
798657147635;Beautiful And Nasty;Late Night
798657146331;Bringing The Girls Over;Late Night
796539030662;Beginning Tai Chi With Arthur Rosenfeld;Exercise
796019829731;Chloe And Theo;Drama
796019829366;Barber 2014  ;Suspense Thriller
796019829236;Barber 2014;Suspense Thriller
796019829113;Bank$tas;Comedy
796019828697;Christmas In Balsam Falls a.k.a. An Evergreen Christmas;Family
796019828574;Autumn Blood ARC Entertainment;Thriller
796019828260;Ava and Lala;Animation
796019828192;Beyond The Trophy;Action Adventure
796019827539;Big Sur;Drama
796019827355;Bounty Killer ;Action Adventure
796019826419;Aroused 2013;Documentary
796019825306;Assassin s Bullet ;Action Adventure
796019825290;Assassin s Bullet DVD and  Combo;Action Adventure
796019825078;Bounty Killer;Action Adventure
796019824859;Assassin s Bullet;Action Adventure
796019824668;Cinnamon;Family
796019824583;Born 2 Race ;Action Adventure
796019824217;Born 2 Race;Action Adventure
796019823937;Children Of The Corn Genesis ;Horror
796019823654;Children Of The Corn Genesis;Horror
795975116138;Child s Pose;Foreign
795975114936;China Heavyweight;Foreign
794043164231;Christmas Story 2 w  Digtial Copy;Comedy
792097378666;Bheja Fry 2 Shemaroo;Foreign
791022254297;Cathy and Marcy s Song Shop;Family
790357989904;Breeding Farm;Horror
790357979905;Bad Mouth;Horror
790357979806;Banana Motherf*ckerDVD English Subtitles, Widescreen;Foreign
790357979608;Breeding Farm Cancelled;Horror
790357945993;Astron-6;Comedy
786984063469;Cannubi A Vineyard Kissed By God;Documentary
786936847895;Bridge Of Spies;Thriller
786936847864;Bridge Of Spies ;Thriller
786936845488;Castle 2009 The Complete 7th Season;TV Classics
786936845068;Captain America The First Avenger Buena Vista  ;Action Adventure
786936844856;Big Hero 6;Animation
786936844801;Big Hero 6 Collector s Edition  ;Animation
786936842869;Cinderella 2015;Family
786936842845;Cinderella 2015  DVD and  Combo;Family
786936842173;Captain America The Winter Soldier   ;Action Adventure
786936842067;Captain America The Winter Soldier;Action Adventure
786936842043;Captain America The Winter Soldier ;Action Adventure
786936838800;Castle 2009 The Complete 6th Season;TV Classics
786936837483;Captain America The First Avenger Buena Vista;Action Adventure
786936837469;Captain America The First Avenger Buena Vista  ;Action Adventure
786936837445;Captain America The First Avenger Buena Vista;Action Adventure
786936832471;Army Wives The Complete 7th Season;TV Classics
786936831931;Body Of Proof The Complete 3rd Season;TV Classics
786936831580;Castle 2009 The Complete 5th Season;TV Classics
786936830941;Avengers Earth s Mightiest Heroes!, Vol. 6;Animation
786936829372;Army Wives Season 6;TV Classics
786936826241;Beverly Hills Chihuahua 3 ;Family
786936825725;Brave 2012  En Espanol  DVD and  Combo;Animation
786936825718;Brave 2012  En Espanol;Animation
786936825695;Brave 2012  Ultimate Collector s Edition;Animation
786936821840;Beverly Hills Chihuahua 3 En Espanol;Family
786936821819;Beverly Hills Chihuahua 3;Family
786936821796;Beverly Hills Chihuahua 3 DVD and  Combo  En Espanol;Family
786936821772;Beverly Hills Chihuahua 3 DVD and  Combo;Family
786936821741;Beverly Hills Chihuahua 3 ;Family
786936821093;Castle 2009 The Complete 4th Season;TV Classics
786936821079;Body Of Proof The Complete 2nd Season;TV Classics
786936821062;Army Wives Season 6;TV Classics
786936818802;Cars 2 DVD and  Combo  DVD Case;Animation
786936818284;Cars 2 En Espanol;Animation
786936818246;Cars 2 DVD and  Combo  En Espanol;Animation
786936818239;Cars 2 DVD and  Combo;Animation
786936817317;Army Wives The Complete 5th Season;TV Classics
786936817294;Cars 2   and Digital Copy;Animation
786936813159;Brave 2012  Collector s Edition  DVD and  Combo;Animation
786936813111;Brave 2012;Animation
786936813005;Cars 2   Rental Ready;Animation
786936812770;Cars 2;Animation
786936811865;Body Of Proof The Complete 1st Season;TV Classics
784148012742;Baby Peggy The Elephant In The Room;Documentary
782009243410;Blood Lad The Complete Series ;Anime
782009243403;Blood Lad The Complete Series;Anime
782009243199;Bleach Box Set 26 Uncut;Anime
782009243182;Bleach Box Set 25 Uncut;Anime
782009243175;Bleach Box Set 24 Uncut;Anime
782009243168;Bleach Box Set 23 Uncut;Anime
782009243151;Bleach Box Set 22 Uncut;Anime
782009243144;Bleach Box Set 21 Uncut;Anime
782009243014;Bleach Box Set 20 Uncut;Anime
782009242871;Bleach Box Set 19 Uncut;Anime
782009242864;Bleach Box Set 18 Uncut;Anime
782009242604;Berserk The Golden Age Arc III Advent ;Anime
782009242598;Berserk The Golden Age Arc III Advent;Anime
782009242581;Berserk The Golden Age Arc II The Battle For Doldrey ;Anime
782009242574;Berserk The Golden Age Arc II The Battle For Doldrey;Anime
782009242475;Berserk Golden Age Arc 1 Egg Of The King ;Anime
782009242468;Berserk Golden Age Arc 1 Egg Of The King;Anime
782009242208;Bleach Box Set 17 Uncut;Anime
782009242192;Bleach Box Set 16 Uncut;Anime
782009242185;Bleach Box Set 15 Uncut;Anime
769529999836;Blood Widow;Horror
769529999232;Axeman;Horror
769529998839;Apocalypse Kiss;SciFi
769529997436;Blood Rush;Horror
769529996538;Beast A Monster Amoung Men;Horror
769529995937;Armynel;Suspense Thriller
769529993537;Backslasher;Horror
769529986935;Back To The Beyond;Horror
769529915232;Blood Story;Horror
769529914532;Blood Punch;Horror
769529914037;Backtrack Nazi Regression;Horror
769529913030;Bleeding Hearts 2015;Horror
769529912330;Bible Belt Slasher The Holy Terror;Horror
769529910732;Bunnyman Massacre Special Edition;Horror
767685295151;Arthur Newman DVD and  Combo;Comedy
767685293720;Call Me Kuchu;Drama
767685292815;Awkward Sexual Adventure;Comedy
767685291085;Chasing Ice ;Documentary
767685291078;Chasing Ice;Documentary
767685288573;Arthur Newman;Comedy
767685281628;Beauty Is Embarrassing The Wayne White Story;Documentary
767685281048;Citadel 2012  ;Horror
767685278420;Citadel 2012;Horror
767685276587;Booker s Place A Mississippi Story;Documentary
767685272442;Black Butterflies;Drama
767685264041;Being Elmo A Puppeteer s Journey;Documentary
767685259122;Bobby Fischer Against The World;Documentary
767685254523;Beginning Of The Great Revival;Foreign
767685254516;Beautiful Life 2011;Foreign
764942240442;Bikini Bloodbath Shakespeare;Horror
761450967038;Blues For Willadean;Drama
761450925335;Buried Alive 2011;Horror
761450272538;Cinema Hold-Up;Foreign
761450272521;Asalto Al Cine a.k.a. Cinema Hold-Up;Foreign
761450119727;Bonobos Back To The Wild ;Drama
761450119635;Bonobos Back To The Wild;Drama
761326819829;Better This World;Documentary
760137791898;Bad Samaritan Must Die!;Suspense Thriller
760137786795;Bangin  Vengeance!;Horror
760137777694;Breaking Point 2014;Suspense Thriller
760137765097;Cain Complex;Action Adventure
760137764991;Aviation Cocktail;Drama
760137764793;Caesar And Otto s Paranormal Halloween Special Edition;Horror
760137763796;Avenues;Drama
760137759492;Chillers II;Horror
760137746799;Atom The Amazing Zombie Killer;Horror
760137737896;Beg;Horror
760137737797;Art = [Love]2;Suspense Thriller
760137727897;Built On Narrow Land;Documentary
760137710899;Camp Massacre;Horror
760137709596;Blood Slaughter Massacre;Horror
760137705390;Blood Rites 2012  Girls And Corpses Presents;Horror
760137698296;Auteur;Horror
760137689294;Cell Count ;SciFi
760137689195;Cell Count;SciFi
760137678298;Battle Castle;Documentary
760137673392;Battledroid;SciFi
760137667292;Attack Of The Morningside Monster;Horror
760137662396;Atrophy;Suspense Thriller
760137660798;Breaking Los Angeles;Documentary
760137656494;Bad Vs. Worse;Horror
760137645092;Bustin  Chops The Movie;Comedy
760137630197;Blood Soaked Special Edition;Horror
760137628897;Bongo Killer Clown;Horror
760137626794;Bluff 2013 The Complete 1st Season;TV Classics
760137622192;Camp Blood First Slaughter;Horror
760137613596;Broken Side Of Time;Drama
760137612896;Bronies The Extremely Unexpected Adult Fans Of My Little Pony;Documentary
760137605294;Christmas Carol 2012;Drama
760137605195;Children Of A Darker Dawn;Horror
760137604792;Caesar and Otto s Deadly Xmas;Horror
760137600299;Assaulted Civil Rights Under Fire;Documentary
760137600190;Blue Collar Boys;Action Adventure
760137599890;Birdemic 2 The Resurrection;Horror
760137594598;Bob And The Monster ;Documentary
760137594499;Bob And The Monster;Documentary
760137585596;Cambodia Pol Pot And The Khmer Rouge;Documentary
760137573395;Assassin 2011;Foreign
760137570196;Because I Love You;Action Adventure
760137569893;Behind The Wall 2011;Foreign
760137569794;Brick And Mortar And Love;Documentary
760137563693;Business As Usual The Exploitation Of Hip Hop;Documentary
760137562399;Bad Meat 2011;Horror
760137555599;Bath Salt Zombies;Horror
760137554097;Caretaker 2012;Horror
760137547792;Bloody Christmas;Horror
760137545996;Busty Maids Housekeepers In Heat;Late Night
760137544890;Black Metal Veins Director s Cut;Documentary
760137544791;Black Metal Veins;Documentary
760137544692;Black Metal Veins ;Documentary
760137528197;Bong Of The Dead;Horror
760137527596;Captive Audience;Suspense Thriller
760137520399;British Royal Weddings Of The 20th Century;Documentary
760137514091;Big Noise Dispatches 07;Documentary
760137170198;Bikini Bloodbath Shakespeare Alternate UPC;Horror
760137017493;Catch Of The Day;Comedy
760137008095;Arnold Schwarzenegger True Story Unauthorized;Documentary
754703764218;Boy Meets Girl 2014;Comedy
754703764140;Boys 2014;Foreign
754703764133;Circle 2014;Foreign
754703763792;Bleeding Heart;Drama
748252866509;Caesar Must Die;Foreign
748252866400;Cafe De Flore;Foreign
748252161925;Bethlehem;Foreign
744724845027;Champagne Sex and Music;Late Night
742617132025;Bleak Night;Foreign
741952813392;Bleeding Heart;Drama
741952790891;Broadchurch The Complete 2nd Season Cancelled;TV Classics
741952789895;Broadchurch The Complete 2nd Season;TV Classics
741952788393;Book Of Negroes;Drama
741952780793;Chinese Puzzle ;Comedy
741952780694;Chinese Puzzle;Comedy
741952777694;Bitten 2014 The Complete 1st Season ;TV Classics
741952773290;Cell 213;Horror
741952771791;Bitten 2014 The Complete 1st Season;TV Classics
741952770299;Basketball Girlfriend;Drama
741952770190;Capital ;Foreign
741952770091;Capital;Foreign
741952769897;Between Sisters;Drama
741952763994;Artist And The Model ;Foreign
741952763895;Artist And The Model;Foreign
741952762898;Bella Sara Emma s Wings;Family
741952757993;Broadchurch The Complete 1st Season;TV Classics
741952757894;Bounty Hunters 2013 The Complete 1st Season;Animation
741952757696;Attack 2012  ;Foreign
741952757597;Attack 2012;Foreign
741952755296;Blood Of Redemption ;Action Adventure
741952755197;Blood Of Redemption;Action Adventure
741952753995;Carpenter s Miracle;Family
741952744993;Charlie A Toy Story;Family
741952743590;Being Human 2011 The Complete 3rd Season ;TV Classics
741952743491;Being Human 2011 The Complete 3rd Season;TV Classics
741952739296;Beast Beneath;Horror
741952738893;Black Pond;Comedy
741952737599;Call Me Fitz The Complete 3rd Season;TV Classics
741952733096;Back Then;Comedy
741952732297;Apocalypse Hitler ;Documentary
741952724995;Captain s Close Up The Complete Series;Documentary
741952716990;Broken Tower;Drama
741952716594;Apocalypse Hitler;Documentary
741952714194;Being Human 2011 The Complete 2nd Season ;TV Classics
741952714095;Being Human 2011 The Complete 2nd Season;TV Classics
741952713692;Call Me Fitz The Complete 2nd Season;TV Classics
741952711797;Bombay Beach;Documentary
741952710691;Being Human 2011 The Complete 1st Season Rental Ready;TV Classics
741952707592;Carol Channing Larger Than Life;Documentary
741952706694;Captains;Documentary
741952706397;Being Human 2011 The Complete 1st Season ;TV Classics
741952696896;Chocolate Sundaes Comedy Show;Comedy
741952695998;Being Human 2011 The Complete 1st Season;TV Classics
741360538740;Beloved Sisters ;Foreign
741360538733;Beloved Sisters;Foreign
741360538474;Black Out 2012  ;Foreign
741360538436;Black Out 2012;Foreign
741360538429;Bettie Page Reveals All! ;Documentary
741360538412;Bettie Page Reveals All!;Documentary
741360538306;Augustine ;Foreign
741360538290;Augustine;Foreign
741360538122;Birders The Central Park Effect;Documentary
738329198022;Capital C;Documentary
738329197926;Caffeinated;Documentary
738329184322;Breach 2015;Documentary
738329184025;Banksy Does New York;Documentary
738329183929;Awake The Life Of Yogananda;Documentary
738329171629;Born To Fly Elizabeth Streb Vs. Gravity;Documentary
738329166328;Appropriate Behaviour;Comedy
738329144029;Burning Bush Alternate UPC;Foreign
738329143923;Burning Bush;Foreign
738329140922;Burt s Buzz ;Documentary
738329132125;Burt s Buzz;Documentary
738329131920;Big Joy The Adventures Of James Broughton;Documentary
738329131722;Breath Of The Gods;Documentary
738329130220;Back In Crime;Foreign
738329127626;Camille Claudel 1915;Foreign
738329127527;Calloused Hands;Drama
738329126520;Best Friends Forever;Drama
738329126223;Better Things The Life And Choices Of Jeffrey Catherine Jones;Documentary
738329122829;Big Bad Wolf 2013;Horror
738329091729;Charlotte Rampling The Look ;Documentary
738329089320;Breathing 2011;Foreign
738329079727;Charlotte Rampling The Look;Documentary
736211378187;Busy Mom Yoga Core and More With Stacy McCarthy;Exercise
733961282269;Beyond Scared Straight Boston, MA  Girls AandE Direct  ;Documentary
733961273243;Billy The Exterminator Season 5;TV Classics
733961273076;Cajun Pawn Stars Season 1;TV Classics
733961270532;Beyond Scared Straight Hampton Roads Regional Jail, VA AandE Direct  ;Documentary
733961269543;Beyond Scared Straight Oakland County Jail Girls AandE Direct  ;Documentary
733961269062;Beyond Scared Straight Queen Anne s County, Md. AandE Direct  ;Documentary
733961268904;Billy The Exterminator Season 4;TV Classics
733961267914;Beyond Scared Straight Richland County, SC AandE Direct  ;Documentary
733961267839;Beyond Scared Straight St. Claire, IL AandE Direct  ;Documentary
733961266986;Big Shrimpin  No Rest Tex AandE Direct  ;TV Classics
733961262452;Beyond Scared Straight San Bernardino County, CA AandE Direct  ;Documentary
733961262247;Beyond Scared Straight Oklahoma County AandE Direct  ;Documentary
733961261639;Beyond Scared Straight Portsmouth County, VA AandE Direct  ;Documentary
733961261066;Bling Ring 2011;Drama
733961260946;Beyond Scared Straight Mecklenburg County, NC AandE Direct  ;Documentary
733961259926;Casey Anthony How Did We Here? AandE Biography AandE Direct  ;Documentary
733961248432;Ax Men King Of The Hill AandE Direct  ;TV Classics
733961248425;Beyond Scared Straight Jessup Women s Prison, MD AandE Direct  ;Documentary
733961247695;Beyond Scared Straight Hagerstown AandE Direct  ;Documentary
733961246629;Beyond Scared Straight Lieber AandE Direct  ;Documentary
733961245325;Beyond Scared Straight Corcoran;Documentary
733961245110;Brad Meltzer s Decoded The President s Inner Circle AandE Direct  ;Documentary
733961245103;Beyond Scared Straight Jessup;Documentary
733961244366;Brad Meltzer s Decoded Secret Societies AandE Direct  ;Documentary
733961244359;Beyond Scared Straight Chowchilla AandE Direct  ;Documentary
733961244076;Ax Men Battle For Survival AandE Direct  ;TV Classics
733961243055;Bringing Ashley Home;Drama
733159715807;Bigfoot Vs. D.B. Cooper;Horror
733159714602;Badass Showdown;Action Adventure
728028237948;Apart   Limited Edition;Mystery Suspense
723952079312;Black Mountain Side;Horror
723952079299;Christmas Mix;Drama
723952079152;Bombshell Bloodbath;Horror
723952079008;Bucksville;Suspense Thriller
723721714468;Caribbean Cookout;Comedy
723721691561;Broom Wedding;Comedy
723721591366;Cheaters 2011;Drama
723721587666;Cheatin  Hearts 2011;Drama
720867004019;Bob Ross The Happy Painter;Documentary
720229916707;Ballet Boys;Foreign
720229916653;Braddock, America;Documentary
720229916400;Captive 2012;Drama
720229916202;Casting By;Documentary
720229916189;Casting By Alternate UPC;Documentary
720229915809;Birth Of The Living Dead;Documentary
720229915793;Buying Sex;Documentary
720229915649;Boom Varietal The Rise Of Argentine Malbec;Foreign
720229915601;Bidder 70;Documentary
720229915519;Bert Stern Original Mad Man;Documentary
720229915250;Callers;Documentary
720229915205;Art Is  The Permanent Revolution;Documentary
720229915182;Beat Hotel;Documentary
717119117047;Ballad Of Genesis And Lady J;Documentary
715515113915;Blue Is The Warmest Color;Foreign
715515113816;Blue Is The Warmest Color ;Foreign
713757948739;Barbara 2012;Foreign
713757948630;Barbara 2012  ;Foreign
712267351428;Big In Japan;Comedy
712267350322;Borrowed Identity;Foreign
712267340125;Bicycling With Moliere;Foreign
712267331529;Branca s Pitch;Documentary
712267321421;Beyond The Walls;Foreign
712267320721;California Solo;Drama
712267320523;Ballplayer Pelotero;Foreign
712267310821;Bad Actress;Comedy
712267310524;Bonsai;Foreign
709629048331;Bourbon And Kentucky A History Distilled;Documentary
706442390999;Bobby Collins Telling It Like It Is;Comedy
705438035128;Christian Finnegan The Fun Part DVD CD Combo;Comedy
705438030697;Bob Saget That s What I m Talking About;Comedy
705438030499;Brian Posehn The Fartist;Comedy
704400097232;Back To The Sea FUNimation;Animation
704400093968;Bullet 2013;Action Adventure
704400093951;Bullet 2013  ;Action Adventure
704400093418;BlazBlue Alter Memory Season 1 DVD and  Combo;Anime
704400092862;Buddy Complex DVD and  Combo;Anime
704400092039;Binbo-Gami Ga! Good Luck Girl! The Complete Series Super Amazing Value Edition;Anime
704400092022;Binbo-Gami Ga! Good Luck Girl! The Complete Series DVD and  Combo;Anime
704400092015;Binbo-Gami Ga! Good Luck Girl! The Complete Series Limited Edition  DVD and  Combo;Anime
704400091322;Blood-C The Last Dark DVD and  Combo;Anime
704400091315;Blood-C The Complete Series DVD and  Combo;Anime
704400091308;Blood-C The Complete Series Limited Edition  DVD and  Combo;Anime
704400091261;Appleseed XIII The Complete Series ;Anime
704400091254;Appleseed XIII The Complete Series   Limited Edition;Anime
704400091209;Aria The Scarlet Ammo DVD and  Combo;Anime
704400072819;Bayonetta Bloody Fate DVD and  Combo;Anime
704400072635;Attack On Titan Part 2 Limited Edition  DVD and  Combo;Anime
704400072628;Attack On Titan Part 2 DVD and  Combo;Anime
704400072611;Attack On Titan Part 1 DVD and  Combo;Anime
704400072604;Attack On Titan Part 1 Limited Edition  DVD and  Combo;Anime
704400067761;Certain Magical Index II Season 2 DVD and  Combo;Anime
704400067655;Certain Magical Index The Movie The Miracle Of Endymion DVD and  Combo;Anime
704400067600;C - Control The Money And Soul Of Possibility The Complete Series Limited Edition  DVD and  Combo;Anime
704400067594;Certain Scientific Railgun S DVD and  Combo;Anime
704400045691;Aquarion Season 2 EVOL DVD and  Combo;Anime
704400045684;Aquarion Season 2 EVOL DVD and  Combo;Anime
704400045677;Aquarion Season 2 EVOL Limited Edition  DVD and  Combo;Anime
704400015311;Ben-To The Complete Series DVD and  Combo;Anime
704400015304;Ben-To The Complete Series Limited Edition  DVD and  Combo;Anime
704400013157;Baka And Test Summon The Beasts Season 2  OVA Super Amazing Value Edition;Anime
704400013140;Baka And Test OVA DVD and  Combo;Anime
704400013126;Baka and Test Season 2 DVD and  Combo;Anime
700355956426;Blood First ;Action Adventure
700355956419;Blood First;Action Adventure
698452211732;Captivated The Trials Of Pamela Smart;Documentary
698452211336;Blind 2014;Foreign
698452211138;Beltracchi The Art Of Forgery;Foreign
698452209739;Bestiaire;Documentary
690650842145;Bounce and Burn Weight Loss;Exercise
689076963206;China s Century Of Humiliation;Documentary
687797968593;Brush With Danger;Action Adventure
687797960993;Brothers Of War;War
687797957092;Bigfoot Chronicles;Family
687797953490;Chasing Ghosts 2014;Family
687797948496;Avenging The Throne;Fantasy
687797947895;As Dreamers Do;Family
687797947291;Bad Johnson;Comedy
687797944894;Brightest Star;Comedy
687797944795;Chlorine;Family
687797943996;California Scheming;Drama
687797942395;Ass Backwards;Action Comedy
687797938497;Big Ass Spider!;SciFi
687797938466;Big Ass Spider! ;SciFi
687797937797;Astronaut The Last Push;SciFi
687797931597;Cadaver Christmas;Horror
687797928290;Braxton Family Values The 1st Season;TV Classics
687797164292;Charlie s Farm;Horror
687797162397;Blunt Force Trauma;Action Adventure
687797162366;Blunt Force Trauma ;Action Adventure
687797161697;Checkmate 2015;Action Adventure
687797160096;Back To The Jurassic a.k.a  Dino Time ;Animation
687797160041;Back To The Jurassic a.k.a  Dino Time;Animation
687797158796;Brother s Keeper 2013;Drama
687797158765;Brother s Keeper 2013  ;Drama
687797157898;By The Gun;Drama
687797157867;By The Gun ;Drama
687797157690;Asylum Of The Dead a.k.a. Pennhurst;Horror
687797157492;Butterfly Room;Horror
687797156792;Are You Here;Comedy
687797156761;Are You Here ;Comedy
687797155894;Apokalips X;SciFi
687797155863;Apokalips X ;SciFi
687797155191;Blast Vegas;Suspense Thriller
687797154491;Buck Wild;Horror
687797154460;Buck Wild ;Horror
687797144898;Cassadaga;Horror
687797144690;Automata;SciFi
687797144669;Automata ;SciFi
687797144393;Charlie Countryman;Action Comedy
687797144362;Charlie Countryman ;Action Comedy
687797143495;As I Lay Dying;Drama
687797142399;Brooklyn Castle;Documentary
687797137593;Babymakers;Action Comedy
687797137562;Babymakers ;Action Comedy
687797135292;Bernie;Comedy
687797135285;Bernie Rental Ready;Comedy
687797135261;Bernie ;Comedy
687797133892;Blitz 2011;Thriller
687797133861;Blitz 2011  ;Thriller
686340295452;Battledogs ;Horror
686340295346;Battledogs;Horror
686340277441;Bikini Spring Break;Comedy
686340271951;Bigfoot 2012  ;Action Adventure
686340271845;Bigfoot 2012;Action Adventure
686340262843;Barely Legal 2011;Comedy
686340258754;Born Bad 2011  ;Drama
686340258648;Born Bad 2011;Drama
686340254855;Battle Of Los Angeles ;SciFi
686340254640;Battle Of Los Angeles Old Version;SciFi
686340254534;Battle Of Los Angeles;SciFi
685349905805;Brand A Second Coming;Documentary
684457892229;B.O.Y.D.;Comedy
683904700957;Bandit And The Saints Of Dogwood;Family
683904534422;Big Goofy Secret Of Hidden Pines;Family
680474161614;Ashes Of Eden;Drama
671196075488;Chair Yoga;Exercise
670541844021;Burn At The Barre Total Dancer Body Workout For All Levels;Exercise
663390000861;Badger Game ;Thriller
663390000854;Badger Game;Thriller
663390000465;Cemetery 2013;Horror
661799233873;Behind Closed Doors 2013  Alternate UPC;Drama
661799233842;Behind Closed Doors 2013;Drama
658826009228;Captain Z and The Terror Of Leviathan;Comedy
658769124330;Behold The Lamb;Drama
658769123234;California Indian;Drama
658769122039;Apnea 2010;Drama
658769113839;Battle New York, Day 2;SciFi
651191950720;Barricade 2012  WWE Home Video  ;Action Adventure
651191950713;Barricade 2012  WWE Home Video;Action Adventure
651191950348;Bending The Rules WWE Home Video  ;Comedy
651191950331;Bending The Rules WWE Home Video;Comedy
651191949168;Chaperone WWE Home Video  ;Comedy
651191949151;Chaperone WWE Home VideoRental Ready;Comedy
633726322837;Burzynski Cancer Is Serious Business, Part II;Documentary
631595150384;Arcana;Foreign
631008075594;Beyond Love;Foreign
631008075396;Birthday Cake;Comedy
631008075297;Bumblef**k, USA;Drama
628261140190;Blue Realm The Complete Series;Documentary
627843237808;Captive 2013;Thriller
625828643712;Christmas Star 2015;Family
625828643224;Avalanche Sharks;Action Adventure
625828641800;Bravetown;Drama
625828641787;Cas and Dylan;Comedy Drama
625828641480;Bankstas;Comedy
625828640797;Burning Dead;Action Adventure
625828639104;Black November;Action Adventure
625828637476;Billy Club dist. by Phase 4 Films;Horror
625828637186;Ask Me Anything;Suspense Thriller
625828637032;Catch Hell;Drama
625828636912;Born Wild 2013;Action Adventure
625828636905;Butchers 2014;Horror
625828634529;Bold Eagles;Animation
625828634451;Blood Valley Seed s Revenge;Horror
625828634161;Best Worst Friends;Foreign
625828632983;Boxcar Children;Animation
625828628849;Battle Of The Empires;Action Adventure
625828628696;Blood Shed 2014;Horror
625828625947;Bates Haunting dist. by Phase 4  Rental Only;Suspense Thriller
625828624353;Bates Haunting dist. by Phase 4;Suspense Thriller
625828621536;Apartment 1303 2012;Horror
625828621420;Butcher Boys;Horror
625828620829;Assault On Wall Street ;Thriller
625828620003;Assault On Wall Street;Thriller
625828617768;Baytown Outlaws   En Espanol;Comedy
625828617751;Baytown Outlaws En Espanol  Los Forajidos De Baytown;Comedy
625828617676;Baytown Outlaws ;Comedy
625828617546;Bad Kids Go To Hell;Comedy
625828617393;Baytown Outlaws;Comedy
625828616600;Big Bad;Horror
625828616587;Barrio Tales;Horror
625828616082;Backstage At Budz House;Comedy
625828615726;Backwards;Drama
625828615474;Christmas Puppy;Family
625828613623;Bindlestiffs;Comedy
625828613609;Cargo 2011;Horror
625828612701;Budz House;Comedy
625828610851;Blubberella;Comedy
625828610578;Chick Magnet 3-Disc;Comedy
625828609473;Chick Magnet;Comedy
619981340526;Black Friday Dark Dawn;Documentary
616892188162;Cannibal 2013;Foreign
616892188063;App;Foreign
616892187967;Auction;Foreign
616892186366;Arcadia;Drama
616892185963;Broken 2012;Drama
616892185666;Bottle In The Gaza Sea;Foreign
612385012396;Bone Garden;Horror
612385011290;Call Girl Of Cthulhu ;Horror
612385010996;Casebook Of Eddie Brewer;Horror
610370484180;Big Fix;Documentary
609722630016;Cardio and Strength Interval Circuit;Exercise
609408422423;Bad Kitties 2013;Drama
609261014131;Beautiful Beast 2013;Drama
601268100190;Beginners Fitness;Exercise
187830005037;Circle The Wagen Special Edition;Documentary
187830005013;Austin High;Comedy
187830004306;Blood Riders The Devil Rides With Us;Horror
187830004115;Cannibal Diner;Horror
97368918849;Big Time 2012   Rags;Family
97368918825;Big Time 2012   Rags ;Family
97368916340;Californication The 5th Season;TV Classics
97368916326;Californication The 5th Season ;TV Classics
97368906846;Burning Love The Complete 1st Season;TV Classics
97368906822;Burning Love The Complete 1st Season ;TV Classics
97368806641;Chris Hardwick Mandroid Dist. by ;Comedy
97368806627;Chris Hardwick Mandroid Dist. by   ;Comedy
97368806344;Californication The 6th Season;TV Classics
97368806320;Californication The 6th Season ;TV Classics
97368227743;Blue Bloods The 2nd Season;TV Classics
97368227729;Blue Bloods The 2nd Season ;TV Classics
97368207646;Borgias The 1st Season;TV Classics
97368207622;Borgias The 1st Season ;TV Classics
97368060845;Bubble Guppies Get Ready For School!;Family
97368053748;Beauty and The Beast 2012 The 2nd Season;TV Classics
97368053045;Bill Cosby Far From Finished;Comedy
97368050549;Californication The 7th Season;TV Classics
97368049543;Blue Bloods The 4th Season;TV Classics
97368043541;Borgias The 3rd Season;TV Classics
97366355240;Borgias The 2nd Season;TV Classics
97366355226;Borgias The 2nd Season ;TV Classics
97361700649;Cirque du Soleil Worlds Away ;Fantasy
97361700625;Cirque du Soleil Worlds Away   ;Fantasy
97361700540;Cirque du Soleil Worlds Away;Fantasy
97361700526;Cirque du Soleil Worlds Away  ;Fantasy
97361700441;Cirque du Soleil Worlds Away ;Fantasy
97361700427;Cirque du Soleil Worlds Away   ;Fantasy
97361538341;Captain America The First Avenger ;Action Adventure
97361538327;Captain America The First Avenger   ;Action Adventure
97361538242;Captain America The First Avenger   ;Action Adventure
97361538228;Captain America The First Avenger     ;Action Adventure
97361477343;Borgias The 2nd Season ;TV Classics
97361477329;Borgias The 2nd Season   ;TV Classics
97361447247;Borgias The 1st Season ;TV Classics
97361447223;Borgias The 1st Season   ;TV Classics
97361443041;Beauty and The Beast 2012 The 1st Season;TV Classics
97361443027;Beauty and The Beast 2012 The 1st Season ;TV Classics
97361441146;Blue Bloods The 3rd Season;TV Classics
97361441122;Blue Bloods The 3rd Season ;TV Classics
97361439747;Captain America The First Avenger ;Action Adventure
97361439723;Captain America The First Avenger   ;Action Adventure
96009977498;Backwoods Butchers;Horror
96009251642;Bush Christmas 2013;Family
96009218447;Bystander Theory;Drama
96009173241;Chupacabra Vs. The Alamo;Action Adventure
96009113445;Booster;Drama
96009024819;Beautiful Girls 1996  Miramax Echo Bridge  ;Drama
95163885359;Backroads And Lilies;Comedy
95163884628;Beyond Acceptance ;Family
91037947369;Berlin Calling Limited Release;Documentary
91037595447;Bitter Buddha;Documentary
91037541871;Christmas In Hollywood;Comedy
91037541536;Born and Raised ;Drama
91037541055;Bubblegum And Broken Fingers   ;Action Adventure
91037541048;Bubblegum And Broken Fingers;Action Adventure
91037496515;Blaise Brooks Clean Comedy On Dirty Sunset;Comedy
91037458667;Beyond Pollution;Documentary
91037438881;Chicago 8 ;Drama
91037407863;Chicago 8;Drama
89218107091;Astro-Zombies M4 Invaders From Cyberspace;SciFi
89218106995;Attack Of The Octopus People   Frankenstein Vs. Hitler;Comedy
69458237833;Bomb Girls Season 1;Drama
63390011124;Burma A Human Tragedy;Documentary
54961898497;Broadway Musicals A Jewish Legacy;Documentary
54961883592;Bethenny s Skinnygirl Yoga Workouts;Exercise
54961881796;Case Histories Series 2;TV Classics
54961878994;Case Histories;TV Classics
54961875597;Canyon Ranch Strong and Sculpted;Exercise
54961870097;Canyon Ranch Yoga For Strength and Energy;Exercise
54961868896;Bethenny s Skinnygirl Workout;Exercise
54961244492;Black Work;Mystery Suspense
54961244393;Chasing Shadows;Mystery Suspense
54961242696;Brokenwood Mysteries Series 1 ;Mystery Suspense
54961237692;Brokenwood Mysteries Series 1;Mystery Suspense
54961221493;Blandings Series 2;TV Classics
54961210596;Arthritis Rx;Exercise
54961208296;Blandings Series 1;TV Classics
54961204892;Ballet Body Upper Body Workout;Exercise
54961204793;Ballet Body Core Workout;Exercise
54961200399;Ballet Body Lower Body Workout;Exercise
45635494596;Blood Cells;Drama
45635494534;Bridge Apart;Documentary
45635494527;Bayou Blue;Documentary
45635494466;Boobs;Documentary
45635494435;Being Ginger;Documentary
43396469105;Brilliant Young Mind;Comedy
43396468603;Christmas Eve Miracle;Family
43396461079;Blacklist The Complete 2nd Season;TV Classics
43396461055;Blacklist The Complete 2nd Season ;TV Classics
43396446694;Chappie;SciFi
43396446663;Chappie;SciFi
43396444331;Broken Horses;Drama
43396440814;Boondocks The Complete 4th Season;Animation
43396440098;Appleseed Alpha;Animation
43396440067;Appleseed Alpha ;Animation
43396436473;Blacklist The Complete 1st Season;TV Classics
43396436466;Blacklist The Complete 1st Season ;TV Classics
43396436107;Calling 2014;Drama
43396435926;Beast Of The Bering Sea;SciFi
43396435612;Big C The Complete 4th Season Choice Collection  ;TV Classics
43396433861;Armstrong Lie;Documentary
43396433830;Armstrong Lie ;Documentary
43396433175;Bonnie and Clyde 2013;Drama
43396433144;Bonnie and Clyde 2013  ;Drama
43396431447;Bad Country ;Action Adventure
43396429468;Avengers Confidential Black Widow and Punisher;Animation
43396429437;Avengers Confidential Black Widow and Punisher ;Animation
43396428690;Bless Me, Ultima;Drama
43396427785;Chosen 2013 Season 1 Choice Collection  ;Drama
43396427440;Austenland ;Comedy
43396427334;Austenland;Comedy
43396427303;Breaking Bad The 5th Season The Final Season;TV Classics
43396427297;Breaking Bad The 5th Season The Final Season ;TV Classics
43396426122;Battle Los Angeles   4K-Mastered;SciFi
43396425651;Call Me Crazy A Five Film;Drama
43396425620;Blue Jasmine;Comedy
43396425590;Blue Jasmine;Comedy
43396425569;Before Midnight;Drama
43396425538;Before Midnight ;Drama
43396424562;Call 2013  DVD and  Combo;Suspense Thriller
43396423558;Big C The Complete 3rd Season Choice Collection  ;TV Classics
43396423398;At Any Price;Drama
43396423367;At Any Price ;Drama
43396420885;Bad Country;Action Adventure
43396420854;Call 2013;Suspense Thriller
43396417847;Captain Phillips;Action Adventure
43396417816;Captain Phillips ;Action Adventure
43396417786;Battle Of The Year;Drama
43396417755;Battle Of The Year  ;Drama
43396417748;Battle Of The Year ;Drama
43396414600;Brooke Burke Body 30 Day Slim Down;Exercise
43396414594;Brooke Burke Body Sexy Abs;Exercise
43396414389;Chicken With Plums;Foreign
43396414297;Celeste And Jesse Forever;Comedy
43396414266;Celeste And Jesse Forever ;Comedy
43396413832;Breaking In 2011 The Complete Series Choice Collection  ;TV Classics
43396411432;Blue Lagoon The Awakening;Drama
43396409750;Arthur Christmas DVD and  Combo;Animation
43396409743;Arthur Christmas ;Animation
43396409521;Arthur Christmas;Animation
43396409255;Breaking Bad The 5th Season ;TV Classics
43396409200;Breaking Bad The 5th Season;TV Classics
43396403796;Bel Ami;Drama
43396403338;Charlie s Angels 2011 The Complete Series;TV Classics
43396401891;Blue-Eyed Butcher;Thriller
43396400313;Artist;Comedy
43396400276;Artist ;Comedy
43396395916;Carnage 2011;Comedy
43396395886;Carnage 2011  ;Comedy
43396395572;Bag Of Bones;Drama
43396394223;Brooke Burke Core;Exercise
43396393394;Brooke Burke Total Body;Exercise
43396390430;Bucky Larson Born To Be A Star;Comedy
43396390409;Bucky Larson Born To Be A Star ;Comedy
43396389182;Big C The Complete 2nd Season;TV Classics
43396389045;Breaking Bad The Complete 4th Season;TV Classics
43396389007;Breaking Bad The Complete 4th Season ;TV Classics
43396387966;Attack The Block;Action Comedy
43396387935;Attack The Block ;Action Comedy
43396387867;Bad Teacher ;Comedy
43396385771;Bad Teacher;Comedy
43396385740;Bad Teacher ;Comedy
43396384590;Caller 2011;Mystery Suspense
43396381759;Battle Los Angeles DVD and  Combo;SciFi
43396381643;Beastly ;Fantasy
43396380349;Arena 2011;Action Adventure
43396380134;Assassination Games;Action Adventure
43396376915;Battle Los Angeles;SciFi
43396376885;Battle Los Angeles ;SciFi
43396335301;Beastly;Fantasy
42992056245;AsIs New Jack City Next Generation;Documentary
40232140440;Boys In Brazil;Foreign
39414582048;Assassins Tale;Action Adventure
39414522303;Blackout 2014;Suspense Thriller
39414522143;Bloodworx;Horror
39414522105;Cheating Pact;Suspense Thriller
39414522082;Arsonist;Suspense Thriller
39414522075;Avenger 2012;Suspense Thriller
39414522037;Arachnoquake;SciFi
39414521740;Betrayed At 17;Suspense Thriller
39414521733;Attack Of The Herbals;Horror
39414521702;Back-Up Bride;Comedy
39414521696;Beer Tale;Comedy
39414521665;Chained Code 207;Action Adventure
37117090730;CBGB ;Drama
37117090631;CBGB;Drama
37117081639;Christmas Wedding UNK;Drama
37117079735;Banshee Chapter;Horror
37117079537;Armistice;Suspense Thriller
37117075836;Casper s Scare School 2009 Season 2, Vol. 1;Animation
37117049233;Bigfoot Lost Coast Tapes ;Horror
37117049035;Bigfoot Lost Coast Tapes;Horror
37117043132;Brawler DVD and  Combo;Drama
37117042937;Brawler ;Drama
37117042838;Brawler;Drama
37117042289;Breaking Through 2015;Drama
37117041091;Black Hole 2015;SciFi
37117041039;Blood Money 2012  ;Action Adventure
37117040933;Blood Money 2012  DVD and  Combo;Action Adventure
37117040902;Captain Sabertooth And The Treasure Of Lama Rama;Foreign
37117040834;Blood Money 2012;Action Adventure
37117040643;Careful What You Wish For;Suspense Thriller
37117039937;Carnal Innocence;Suspense Thriller
37117036110;Christmas On Salvation Street;Family
37117035595;Avenged;Action Adventure
37117034963;Casper s Scare School 2009 Season 2;Animation
37117034581;Breathe In ;Drama
37117034574;Breathe In;Drama
37117034406;Behaving Badly 2014;Comedy
37117033089;Backpacker;Suspense Thriller
37117031238;Boys Of Abu Ghraib;Drama
37117025565;Bigfoot The Lost Coast Tapes;Horror
32429236159;Broad City Season 2;TV Classics
32429236043;Captive 2015  ;Drama
32429236029;Captive 2015;Drama
32429235817;Cartel Land;Documentary
32429228352;Bubble Guppies The Puppy And The Ring! Gift Set;Family
32429227331;Chop Shop 2014  Limited Release;TV Classics
32429225757;Chocolate City Rental Ready;Drama
32429225337;Blue Bloods The 5th Season;TV Classics
32429224439;Chocolate City;Drama
32429221667;Bubble Guppies The Puppy And The Ring!;Family
32429219367;Bar Rescue Toughest Rescues;TV Classics
32429209290;Broad City Season 1;TV Classics
32429208668;Boyhood;Drama
32429208644;Boyhood ;Drama
32429155825;Awkward  Season 3;TV Classics
32429144010;Bill Cosby Far From Finished ;Comedy
32429136329;Borgias The 3rd Season ;TV Classics
32429126047;Cirque du Soleil Worlds Away ;Fantasy
32429126023;Cirque du Soleil Worlds Away   Rental Ready;Fantasy
32429099587;Captain America The First Avenger Marvel Studios  Rental Ready;Action Adventure
32429099563;Captain America The First Avenger Marvel Studios;Action Adventure
32031446892;Bye Sylvia Guillem   Mats Ek;Dance Ballet
31398237389;Care Bears Bearied Treasure;Family
31398234234;Born To Win 2014;Drama
31398230779;Ascension 2014;SciFi
31398230434;Ardor;Foreign
31398229513;Casese Quien Pueda;Foreign
31398227588;Chain Of Command 2015 ;Action Adventure
31398227557;Chain Of Command 2015;Action Adventure
31398225928;Child 44;Suspense Thriller
31398225874;Child 44;Suspense Thriller
31398225195;Black Box 2012;SciFi
31398220862;Beyond The Reach;Suspense Thriller
31398220831;Beyond The Reach;Suspense Thriller
31398214854;Born Of War;War
31398214670;Captive 2014 ;Thriller
31398214649;Captive 2014;Thriller
31398210603;Big Driver;Suspense Thriller
31398208792;Brittany Murphy Story;Drama
31398206576;Cantinflas;Foreign
31398205838;Attack Of The 50 Foot Cheerleader;Comedy
31398205005;Chemical Peel;Horror
31398202059;Burning Blue;Drama
31398199250;BeFit BeFit In 30 Extreme;Exercise
31398199106;Cesar Chavez;Drama
31398198949;Cesar Chavez;Drama
31398197133;Brawl;Action Adventure
31398195542;Blood Ties 2013 ;Drama
31398195511;Blood Ties 2013;Drama
31398193166;Barefoot;Comedy
31398191858;Blue Mountain State Season 3, Disc 2 ;TV Classics
31398191841;Blue Mountain State Season 3, Disc 1 ;TV Classics
31398189190;Birds Of Paradise;Animation
31398187318;Appearing;Horror
31398185000;Children Of Sorrow;Horror
31398178804;Battle Ground;War
31398178743;Bonnie and Clyde Justified;Action Adventure
31398177487;Bling Ring 2013 ;Drama
31398177456;Bling Ring 2013;Drama
31398177395;Cinco De Mayo La Batalla;Foreign
31398175636;Ballet Beautiful Cardio Fat Burn;Exercise
31398173373;Big Wedding ;Comedy
31398173243;Big Wedding;Comedy
31398173137;Billy The Kid 2013;Western
31398172444;Care Bears A Belly Badge For Wonderheart The Movie;Family
31398171157;Black Rock ;Horror
31398171126;Black Rock;Horror
31398170679;Blaze You Out;Action Adventure
31398169338;Betty and Coretta;Drama
31398168485;Citizen Hearst;Documentary
31398167563;Assassins Run;Action Adventure
31398167068;Boss 2011 Season 2 ;TV Classics
31398166900;Boss 2011 Season 2;TV Classics
31398166276;Bay;SciFi
31398165095;Caught On Tape 2013;Action Adventure
31398164999;Black s Game;Foreign
31398164395;Branded 2012  ;Action Adventure
31398164005;Branded 2012;Action Adventure
31398162872;Bangkok Assassins;Action Adventure
31398161936;Ballet Beautiful Body Blast;Exercise
31398161783;Bro ;Action Adventure
31398161776;Bigfoot County;Horror
31398161561;Arbitrage ;Drama
31398161530;Arbitrage;Drama
31398161288;Christmas In Compton;Comedy
31398159926;Biggest Loser Power Ab Blast;Exercise
31398159865;Biggest Loser 30 Day Power X-Train;Exercise
31398156802;Ballet Beautiful Total Body Workout;Exercise
31398156185;Cabin In The Woods;Horror
31398156147;Cabin In The Woods;Horror
31398155713;Blue Like Jazz ;Comedy
31398155232;Changing The Game;Drama
31398154525;Casa De Mi Padre ;Comedy
31398154341;Casa De Mi Padre;Comedy
31398153740;Boss 2011 Season 1 ;TV Classics
31398153733;Boss 2011 Season 1;TV Classics
31398153504;Battle Force 2011;War
31398152675;C Mon Man;Comedy
31398151456;Black Cobra 2012;Action Adventure
31398151180;Blue Like Jazz;Comedy
31398151098;Breaking Wind Director s Cut;Comedy
31398147695;Borgia Season 1;TV Classics
31398146124;Billy Blanks Jr. Fat-Burning Hip Hop Mix;Exercise
31398145776;Boy Toy;Comedy
31398144281;Biggest Loser At Home Challenge;Exercise
31398144274;Biggest Loser Calorie Knockout;Exercise
31398144250;Billy Blanks Jr. Dance Party Boot Camp;Exercise
31398142218;Blue Mountain State Season 2;TV Classics
31398142096;Area 51 2011  After Dark Originals;SciFi
31398134961;Blood Out ;Action Adventure
31398133872;Blood Out;Action Adventure
30306989990;Argento s Dracula;Horror
30306989792;Blue Caprice;Suspense Thriller
30306989396;Berberian Sound Studio;Horror
30306989198;Canyons Director s Cut;Thriller
30306989099;Canyons;Thriller
30306988993;Breaking The Girls;Thriller
30306988399;As Cool As I Am;Comedy
30306988290;Byzantium 2012;Fantasy
30306985596;As Luck Would Have It 2011;Foreign
30306984391;Cheerful Weather For The Wedding;Drama
30306984094;Burning Man;Drama
30306983899;Beloved 2011;Foreign
30306983196;Burning Hot Summer;Foreign
30306982694;Asylum Blackout;Horror
30306981895;Brake;Suspense Thriller
30306981291;ATM Theatrical and Director s Cut;Suspense Thriller
30306980898;Chalet Girl;Comedy
30306979090;Buck;Documentary
30306966991;Case Of You;Comedy
30306966496;Black Power Mixtape 1967-1975;Documentary
30306965697;Choose;Horror
30306957494;Area 407;SciFi
30306957296;Citizen Gangster;Drama
30306941592;Camp X-ray;Drama
30306941196;Asmodexia;Horror
30306940991;Before I Disappear;Drama
30306940892;Blue Room;Foreign
30306940397;Bird People;Foreign
30306939896;Cam2Cam;Horror
30306939797;At The Devil s Door;Horror
30306939490;Beyond The Edge 2013;Documentary
30306939391;Beneath 2013  Dir. by Ben Ketai;Horror
30306939193;Bound By Flesh;Documentary
30306938394;Blood Glacier;Foreign
30306935997;Bastards;Foreign
30306935799;Best Offer;Drama
30306934693;Catechism Cataclysm;Comedy
30306901398;Bounty Hunters 2011;Action Adventure
30306900995;Bag Of Hammers;Drama
30306720197;Citizen Koch;Documentary
30306705392;Call Me Lucky;Documentary
30306194592;Camp X-ray ;Drama
30306194097;Call Me Lucky ;Documentary
30306193991;At The Devil s Door ;Horror
30306192390;Case Of You ;Comedy
30306192192;Argento s Dracula    ;Horror
30306191898;Canyons Director s Cut  ;Thriller
30306191690;As Cool As I Am ;Comedy
30306191591;Byzantium 2012  ;Fantasy
30306188898;Brake ;Suspense Thriller
30306188591;ATM Theatrical and Director s Cut  DVD and  Combo;Suspense Thriller
30306188294;Buck ;Documentary
30306186498;Bounty Hunters 2011  ;Action Adventure
30306182292;Bag Of Hammers ;Drama
25192328831;Big Stone Gap DVD and  Combo  Rental Ready;Comedy
25192328817;Big Stone Gap Rental Ready;Comedy
25192320033;Barbie The Princess and The Popstar;Family
25192320019;Barbie In The Pink Shoes;Family
25192314629;Barbie A Perfect Christmas;Family
25192294037;By The Sea 2015  DVD and  Combo  Rental Ready;Drama
25192294013;By The Sea 2015  Rental Ready;Drama
25192292743;Bridesmaids and  Pitch Perfect 2  Movie Cash;Comedy
25192289552;Bridesmaids w   Pitch Perfect 2  Movie Cash;Comedy
25192289477;Change-Up;Comedy
25192275913;Bridesmaids;Comedy
25192272004;Brooklyn Nine-Nine Season 2;TV Classics
25192271878;Chicago P.D. Season 2;TV Classics
25192271847;Chicago Fire Season 3;TV Classics
25192267864;Blackhat Rental Ready  Alternate UPC;Action Adventure
25192267833;Blackhat DVD and  Combo  Rental Ready;Action Adventure
25192267789;Blackhat Rental Ready;Action Adventure
25192267765;Blackhat;Action Adventure
25192267758;Blackhat ;Action Adventure
25192267635;Boy Next Door 2015  Rental Ready;Suspense Thriller
25192267598;Boy Next Door 2015  DVD and  Combo  Rental Ready;Suspense Thriller
25192261411;Beethoven s Treasure Tail   Rental Ready;Family
25192252259;As Above, So Below Rental Ready;Horror
25192252242;As Above, So Below DVD and  Combo  Rental Ready;Horror
25192251399;Battlestar Galactica Blood and Chrome;SciFi
25192251375;Battleship;SciFi
25192248696;Beneath The Harvest Sky ;Drama
25192248689;Beneath The Harvest Sky;Drama
25192241277;As Above, So Below ;Horror
25192241253;As Above, So Below;Horror
25192241246;Chicago P.D. Season 1;TV Classics
25192239014;Change-Up Old Version  2014 Release;Comedy
25192238987;Bridesmaids ;Comedy
25192238772;Bridesmaids Old Version  2014 Release;Comedy
25192238185;Change-Up;Comedy
25192237843;Cat Run 2 ;Action Comedy
25192237805;Boy Next Door 2015  ;Suspense Thriller
25192237799;Boy Next Door 2015;Suspense Thriller
25192234958;Borgman ;Foreign
25192234941;Borgman;Foreign
25192232183;Cheap Thrills ;Horror
25192231698;Cheap Thrills;Horror
25192229794;Broken Circle Breakdown;Foreign
25192226663;Bridesmaids Special Edition   Academy Slipcase;Comedy
25192225833;Blue Crush 2 ;Drama
25192225079;Bad Words Rental Ready;Comedy
25192225062;Bad Words DVD and  Combo  Rental Ready;Comedy
25192224980;Bad Words;Comedy
25192224973;Bad Words ;Comedy
25192223082;Bag Man   Rental Ready;Drama
25192223075;Bag Man Rental Ready;Drama
25192222146;Boxtrolls Rental Ready;Animation
25192222139;Boxtrolls DVD and  Combo  Rental Ready;Animation
25192218293;Black Sea Rental Ready;Action Adventure
25192218279;Black Sea DVD and  Combo  Rental Ready;Action Adventure
25192218255;Black Sea;Action Adventure
25192218248;Black Sea ;Action Adventure
25192218170;Bag Man;Drama
25192218163;Bag Man;Drama
25192217784;Chef 2014  ;Comedy
25192217777;Chef 2014;Comedy
25192217753;Chef 2014  DVD and  Combo  Rental Ready;Comedy
25192217739;Chef 2014  Rental Ready;Comedy
25192217494;Approved For Adoption DVD and  Combo;Animation
25192217487;Approved For Adoption;Animation
25192217197;Blood Brother;Documentary
25192215469;Chinese Zodiac   Rental Ready;Action Adventure
25192215452;Chinese Zodiac Rental Ready;Action Adventure
25192215117;Chinese Zodiac;Action Adventure
25192215100;Chinese Zodiac;Action Adventure
25192214103;Beethoven s Treasure Tail Rental Ready;Family
25192214035;Beethoven s Treasure Tail ;Family
25192214028;Beethoven s Treasure Tail;Family
25192213946;Cat Run 2 Rental Ready;Action Comedy
25192213939;Cat Run 2 DVD and  Combo  Rental Ready;Action Comedy
25192213885;Cat Run 2;Action Comedy
25192213458;Bates Motel 2013 Season 2;TV Classics
25192213441;Bates Motel 2013 Season 2;TV Classics
25192211607;Boxtrolls ;Animation
25192211577;Boxtrolls    ;Animation
25192211553;Boxtrolls;Animation
25192211089;Barbie And The Secret Door DVD and  Combo;Family
25192211058;Barbie And The Secret Door;Family
25192211003;Barbie And The Secret Door Rental Ready  Alternate UPC;Family
25192210990;Barbie And The Secret Door Rental Ready;Family
25192209581;Big Picture Rethinking Dyslexia;Documentary
25192208942;Brooklyn Nine-Nine Season 1;TV Classics
25192208683;Chicago Fire Season 2;TV Classics
25192206351;Berlin Job a.k.a. St George s Day;Action Adventure
25192205903;Berlin Job a.k.a. St George s Day  DVD and  Combo;Action Adventure
25192199882;Bates Motel 2013 Season 1;TV Classics
25192197970;Better Living Through Chemistry   Rental Ready;Comedy
25192197598;Better Living Through Chemistry Rental Ready;Comedy
25192197567;Better Living Through Chemistry;Comedy
25192197550;Better Living Through Chemistry;Comedy
25192197048;Best Man Holiday;Comedy
25192196706;Borrowers 2011;Family
25192196492;Best Man Holiday DVD and  Combo  Rental Ready;Comedy
25192196485;Best Man Holiday Rental Ready;Comedy
25192196461;Best Man Holiday ;Comedy
25192189289;Barbie The Pearl Princess;Family
25192189272;Barbie The Pearl Princess ;Family
25192189265;Barbie The Pearl Princess Rental Ready;Family
25192187797;Change-Up  Old Version;Comedy
25192186318;Bates Motel 2013 Season 1;TV Classics
25192174865;Battlestar Galactica Blood and Chrome ;SciFi
25192171611;Barbie Mariposa and The Fairy Princess;Family
25192171574;Barbie Mariposa and The Fairy Princess Rental Ready;Family
25192171505;Barbie Mariposa and The Fairy Princess ;Family
25192170393;Awakening 2011;Horror
25192170379;Awakening 2011  ;Horror
25192170355;Awakening 2011;Horror
25192170348;Awakening 2011  Rental Ready;Horror
25192169052;Barbie and Her Sisters In A Pony Tale Rental Ready;Family
25192169038;Barbie and Her Sisters In A Pony Tale;Family
25192169007;Barbie and Her Sisters In A Pony Tale ;Family
25192165696;Chicago Fire Season 1;TV Classics
25192165139;Battlestar Galactica Blood and Chrome;SciFi
25192163630;Barbie In The Pink Shoes Old Version;Family
25192163616;Barbie In The Pink Shoes Rental Ready;Family
25192163586;Barbie In The Pink Shoes ;Family
25192149788;Big Miracle ;Drama
25192148613;Bridesmaids   Old Version  2012 Release;Comedy
25192147296;Bridesmaids;Comedy
25192133008;Cat Run ;Action Comedy
25192129674;Being Flynn;Drama
25192129667;Being Flynn ;Drama
25192125591;Barbie The Princess and The Popstar En Espanol;Family
25192125584;Barbie The Princess and The Popstar Old Version;Family
25192124471;Battleship DVD and  Combo;SciFi
25192123313;Cat Run;Action Comedy
25192121487;Better Life Special Edition  Alternate UPC;Drama
25192120862;Barbie In A Mermaid Tale 2 En Espanol;Family
25192120497;Barbie In A Mermaid Tale 2;Family
25192118654;Change-Up ;Comedy
25192115752;Bridesmaids DVD and  Combo   DVD Case;Comedy
25192115721;Bridesmaids Limited Edition  DVD and  Combo;Comedy
25192114953;Bourne Legacy ;Action Adventure
25192114861;Bourne Legacy   Rental Ready;Action Adventure
25192114830;Bourne Legacy;Action Adventure
25192112317;Bridesmaids   Old Version  2011 Release;Comedy
25192108488;Beaver ;Comedy
25192108471;Beaver;Comedy
25192108464;Better Life ;Drama
25192108457;Better Life Special Edition;Drama
25192101021;Blue Crush 2 DVD and  Combo;Drama
25192100154;Barbie A Perfect Christmas En Espanol;Family
25192098376;Barbie A Fairy Secret Spanish Packaging;Animation
25192087684;Beethoven s Christmas Adventure;Family
25192085703;Battleship  Rental Ready;SciFi
25192085635;Battleship;SciFi
25192083396;Cape The Complete Series;TV Classics
25192077258;Barbie A Perfect Christmas Old Version;Family
25192076268;Bridesmaids DVD and  Combo   Back-To-Back;Comedy
25192076251;Bridesmaids Old Version  2011  Release;Comedy
25192075971;Change-Up Old Version  2011 Release;Comedy
25192075919;Big Miracle;Drama
25192069758;Blue Crush 2;Drama
25192066269;Barbie A Fairy Secret;Animation
24543997047;Bridge 2013 The Complete 2nd Season Alternate UPC;TV Classics
24543997030;Bridge 2013 The Complete 2nd Season;TV Classics
24543994350;Before I Go To Sleep ;Suspense Thriller
24543994329;Before I Go To Sleep;Suspense Thriller
24543992899;Atlas Shrugged Part III;Drama
24543992868;Atlas Shrugged Part III;Drama
24543991632;Beyond The Lights ;Drama
24543991601;Beyond The Lights;Drama
24543980575;Calvary   Rental Ready;Drama
24543980568;Calvary ;Drama
24543980551;Calvary Rental Ready  Cancelled;Drama
24543980544;Calvary Rental Ready;Drama
24543970071;Bob s Burgers Season 3 ;Animation
24543970026;Brickleberry The Complete 2nd Season ;Animation
24543969327;Brick Mansions;Action Adventure
24543969297;Brick Mansions;Action Adventure
24543968429;Best Of Me;Drama
24543968399;Best Of Me;Drama
24543954798;Birdman ;Comedy
24543954743;Birdman;Comedy
24543953494;Archer The Complete Season 5 ;Animation
24543953470;Archer The Complete Season 5;Animation
24543944270;Bad Ass 2 Bad Asses ;Action Comedy
24543935537;Bad Ass 2 Bad Asses;Action Comedy
24543935469;Book Of Life 2014  ;Animation
24543935414;Book Of Life 2014;Animation
24543928102;Belle;Drama
24543928072;Belle Rental Ready;Drama
24543927952;Beasts Of The Southern Wild    Life Of Pi  Back-To-Back;VAR
24543927150;Big Mommas Life Father, Like Son ;Comedy
24543926375;Beasts Of The Southern Wild    Life Of Pi  Side-By-Side;VAR
24543925293;Bones 2005 The Complete 9th Season ;TV Classics
24543925279;Bones 2005 The Complete 9th Season;TV Classics
24543919025;Brickleberry The Complete 1st Season ;Animation
24543909644;Bible Christmas Edition;Drama
24543896845;Bridge 2013 The Complete 1st Season ;TV Classics
24543896821;Bridge 2013 The Complete 1st Season;TV Classics
24543893875;Burn Notice Season 7;TV Classics
24543886730;Baggage Claim ;Comedy
24543886686;Baggage Claim;Comedy
24543886617;Book Thief ;War
24543886563;Book Thief;War
24543882572;Bob s Burgers Season 2 ;Animation
24543864271;Cheech and Chong s Animated Movie   Rental Ready;Comedy
24543864264;Cheech and Chong s Animated Movie ;Comedy
24543864233;Cheech and Chong s Animated Movie Rental Ready;Comedy
24543864226;Cheech and Chong s Animated Movie;Comedy
24543863175;Being Liverpool;TV Classics
24543861843;Bones 2005 The Complete 8th Season ;TV Classics
24543861829;Bones 2005 The Complete 8th Season;TV Classics
24543859307;Atlas Shrugged Part II   Rental Ready;Drama
24543859291;Atlas Shrugged Part II ;Drama
24543859260;Atlas Shrugged Part II Rental Ready;Drama
24543859253;Atlas Shrugged Part II;Drama
24543854173;Archer The Complete Season 4;Animation
24543854159;Archer The Complete Season 4;Animation
24543839804;Beasts Of The Southern Wild;Fantasy
24543832669;Broken City   Rental Ready;Drama
24543832645;Broken City ;Drama
24543832591;Broken City Rental Ready;Drama
24543832577;Broken City;Drama
24543830252;Burn Notice Season 6;TV Classics
24543827955;Chasing Mavericks   Rental Ready;Drama
24543827931;Chasing Mavericks ;Drama
24543827887;Chasing Mavericks Rental Ready;Drama
24543827863;Chasing Mavericks;Drama
24543824794;Beasts Of The Southern Wild   Rental Ready;Fantasy
24543824787;Beasts Of The Southern Wild ;Fantasy
24543824756;Beasts Of The Southern Wild Rental Ready;Fantasy
24543823988;Bible ;Drama
24543823964;Bible;Drama
24543811626;Bones 2005 The Complete 7th Season ;TV Classics
24543809746;Archer The Complete Season 3 ;Animation
24543809722;Archer The Complete Season 3;Animation
24543806851;Bad Ass 2012  ;Action Adventure
24543806813;Bad Ass 2012;Action Adventure
24543794981;Bones 2005 The Complete 7th Season;TV Classics
24543782865;Atlas Shrugged Part 1   Rental Ready;Drama
24543782858;Atlas Shrugged Part 1 ;Drama
24543782827;Atlas Shrugged Part 1 Rental Ready;Drama
24543782810;Atlas Shrugged Part 1;Drama
24543780489;Burn Notice Season 5;TV Classics
24543774389;Art Of Getting By   Rental Ready;Drama
24543774365;Art Of Getting By ;Drama
24543774310;Art Of Getting By Rental Ready;Drama
24543774297;Art Of Getting By;Drama
24543773757;Big Year   Rental Ready;Comedy
24543773733;Big Year ;Comedy
24543773689;Big Year Rental Ready;Comedy
24543773665;Big Year;Comedy
24543772316;Best Exotic Marigold Hotel   Rental Ready;Comedy
24543772293;Best Exotic Marigold Hotel   Old Version;Comedy
24543772248;Best Exotic Marigold Hotel Rental Ready;Comedy
24543772224;Best Exotic Marigold Hotel;Comedy
24543767848;Chronicle Director s Cut and Theatrical Version  ;SciFi
24543767770;Chronicle;SciFi
24543759508;Burn Notice The Fall Of Sam Axe ;Mystery Suspense
24543753100;Burn Notice The Fall Of Sam Axe;Mystery Suspense
24543752455;Bob s Burgers Season 1;Animation
24543747925;Breakout Kings The Complete 1st Season;TV Classics
24543746621;Big Mommas Like Father, Like Son Motherload Edition;Comedy
24543746607;Big Mommas Like Father, Like Son Motherload Edition  ;Comedy
24543746553;Big Mommas Like Father, Like Son Motherload Edition  Rental Ready;Comedy
24543746539;Big Mommas Like Father, Like Son Motherload Edition;Comedy
24543705741;Cedar Rapids   Rental Ready;Comedy
24543705727;Cedar Rapids;Comedy
24543705673;Cedar Rapids Rental Ready;Comedy
24543705659;Cedar Rapids;Comedy
24543166955;Chronicle Director s Cut and Theatrical Version ;SciFi
24543117483;Bob s Burgers Season 4 ;Animation
24543115465;Cake 2014 ;Drama
24543115427;Cake 2014;Drama
24543114314;Bones 2005 The Complete 10th Season;TV Classics
24543104698;Black Or White ;Drama
24543104650;Black Or White;Drama
24543091851;Book Of Life 2014;Animation
24543054009;Back In The Game The Complete Series ;TV Classics
24543053156;Chozen The Complete Season 1 ;Animation
24543015482;Belle Limited Release;Drama
24543014065;Best Exotic Marigold Hotel ;Comedy
18713611765;Broken Bullet;Western
18713611673;Breaking Amish Season 1;TV Classics
18713610850;Attila 2013  ;Action Adventure
18713610843;Attila 2013;Action Adventure
18713610720;Blood Relatives Season 1;TV Classics
18713609229;Ashtanga Yoga Beginner s Practice;Exercise
18713608963;Bell Witch Haunting ;Horror
18713608956;Bell Witch Haunting;Horror
18713608734;Cake Boss Season 5, Vol. 1;TV Classics
18713608314;Bad Parents;Comedy
18713607683;Attack From Beneath ;SciFi
18713607676;Attack From Beneath;SciFi
18713606167;Bering Sea Gold Season 1;Documentary
18713606112;Call Of The Wildman Season 1;TV Classics
18713606082;Battledogs   Dist. by Gaiam;Horror
18713606075;Battledogs Dist. by Gaiam;Horror
18713604835;Cake Boss Season 4, Vol. 2;TV Classics
18713595690;Baggage Battles Collection 1;TV Classics
18713594082;Bigfoot 2012    Dist. by Gaiam;Action Adventure
18713593870;Bigfoot 2012  Dist. by Gaiam;Action Adventure
18713593764;Christmas Comes Home To Canaan ;Drama
18713593672;Christmas Comes Home To Canaan;Drama
18713592835;Bikini Spring Break Dist. by Gaiam;Comedy
18713592422;Beginner s Yoga For Stress Relief;Exercise
18713589194;Christmas Kiss;Drama
18713588401;Bizarre Foods With Andrew Zimmern Collection 55;TV Classics
18713585431;Cake Boss Season 4, Vol. 1;TV Classics
14998419492;Beautiful Soul;Drama
14381947328;Black Water Vampire;Horror
14381903959;Blood 2012  ;Thriller
14381903720;Blood 2012;Thriller
14381853728;Apartment 4E;Suspense Thriller
14381847857;Band Called Death Special Edition ;Documentary
14381847727;Band Called Death Special Edition;Documentary
14381846553;Barrymore ;Drama
14381845921;Barrymore;Drama
14381809053;Bullhead ;Foreign
14381806120;Bullhead;Foreign
14381782059;Beneath The Darkness ;Horror
14381780628;Beneath The Darkness;Horror
14381771527;Chonda Pierce Girl Talk;Comedy
14381766721;Black Coffee 2014;Comedy
14381760125;Bloody Homecoming;Horror
14381755022;Chillerama R-Rated Version;Horror
14381732528;ChromeSkull Laid To Rest 2 R-Rated Version  Special Edition;Horror
14381726220;Betty White Champion For Animals;Documentary
14381703450;ChromeSkull Laid To Rest 2 Unrated Version  ;Horror
14381703221;ChromeSkull Laid To Rest 2 Unrated Version  Special Edition;Horror
14381700459;Chillerama Unrated Version  ;Horror
14381677720;Bachelor Party 2011;Drama
14381673821;Chillerama Unrated Version;Horror
14381100570;Bending The Rules Image  ;Comedy
14381100518;Chaperone Image  ;Action Comedy
14381100457;Barricade 2012  Image  ;Horror
14381100372;Bending The Rules Image;Comedy
14381100310;Chaperone Image;Action Comedy
14381100235;Barricade 2012  Image;Horror
14381003918;Bone Tomahawk ;Horror
14381003871;Christmas Horror Story ;Horror
14381003864;Christmas Horror Story;Horror
14381002966;Catching Faith;Family
14381002874;Burying The Ex   Best Buy Exclusive Until 10 062015;Horror
14381002782;Burying The Ex;Comedy
14381002713;Blackbird 2014  ;Drama
14381002560;Bone Tomahawk;Horror
14381002430;Blackbird 2014;Drama
14381002096;Apartment 4E   The Last Letter 2012;Suspense Thriller
14381001518;Cabin Fever Patient Zero DVD and  Combo;Horror
14381000603;Cabin Fever Patient Zero;Horror
14381000252;Camp Dread;Horror
13964765267;Booz Entertainment When Pum Pums Go Wild;Late Night
13964695434;Carb Loaded A Culture Dying To Eat;Documentary
13964695380;Brothers Of The Black List Limited Release;Documentary
13964695366;Before You Know It Limited Release;Documentary
13964695274;Bitter Honey Limited Release;Foreign
13964695205;Back On Board Greg Louganis Limited Release;Documentary
13964695090;Bronx Obama Limited Release;Documentary
13964640984;Bled White;Horror
13964640786;Backroad;Horror
13132636498;Apartment Troubles;Comedy
13132636184;Chuggington Wilson and The Dinosaur;Family
13132635880;Burnt ;Comedy
13132635873;Burnt;Comedy
13132635279;Big Game 2014  ;Action Adventure
13132635262;Big Game 2014;Action Adventure
13132634401;Boulevard ;Drama
13132634395;Boulevard;Drama
13132630847;Black Sails The Complete 2nd Season ;TV Classics
13132630830;Black Sails The Complete 2nd Season;TV Classics
13132630472;Before We Go ;Comedy
13132630465;Before We Go;Comedy
13132630274;Carol;Drama
13132630267;Carol;Drama
13132628981;Birthday Boys The Complete 2nd Season;TV Classics
13132628714;Chair 2014 The Complete 1st Season;TV Classics
13132628646;Citizenfour ;Documentary
13132628639;Citizenfour;Documentary
13132628516;Champs;Documentary
13132626864;Better Angels;Drama
13132624884;Beyond The Brick A LEGO Brickumentary ;Documentary
13132624877;Beyond The Brick A LEGO Brickumentary;Documentary
13132624174;Belle For Christmas;Family
13132623122;Bad Turn Worse;Suspense Thriller
13132622989;Born To Race Fast Track ;Action Adventure
13132622972;Born To Race Fast Track;Action Adventure
13132620725;Birthday Boys The Complete 1st Season Special Edition;TV Classics
13132619880;August Osage County ;Comedy
13132618319;Chuggington Explorer Koko;Family
13132617817;Big Eyes ;Drama
13132617800;Big Eyes;Drama
13132617770;Begin Again ;Comedy
13132617763;Begin Again;Comedy
13132615929;Chuggington Brewster Leads The Way w  Toy Train;Family
13132615875;Chuggington Brewster Leads The Way;Family
13132614205;Black Sails The Complete 1st Season ;TV Classics
13132614199;Black Sails The Complete 1st Season;TV Classics
13132613840;Battle Of The Damned ;SciFi
13132613833;Battle Of The Damned;SciFi
13132612867;Blue Ruin ;Suspense Thriller
13132612850;Blue Ruin;Suspense Thriller
13132611891;Art Of The Steal 2013  ;Comedy
13132611884;Art Of The Steal 2013;Comedy
13132611631;August Osage County DVD and  Combo;Comedy
13132611624;August Osage County;Comedy
13132609355;Billy Blanks Extreme Live;Exercise
13132607474;Billy Blanks Express Live;Exercise
13132605456;Charlie Zone ;Thriller
13132605449;Charlie Zone;Thriller
13132604589;Bachelorette 2012  ;Comedy
13132604565;Bachelorette 2012;Comedy
13132602202;At Middleton ;Comedy
13132602189;At Middleton;Comedy
13132598871;Bully 2011  DVD and  Combo;Documentary
13132598864;Bully 2011;Documentary
13132597157;Baby Geniuses And The Mystery Of The Crown Jewels;Family
13132595054;Chilly Christmas;Family
13132594781;Cinderella 2012  DVD and  Combo;Animation
13132594767;Cinderella 2012;Animation
13132594453;Barrens DVD and  Combo;Horror
13132594439;Barrens;Horror
13132565897;Breathless 2012  DVD and  Combo;Suspense Thriller
13132565491;Breathless 2012;Suspense Thriller
13132563091;Border Run ;Suspense Thriller
13132562698;Border Run;Suspense Thriller
13132561097;Bad Karma;Thriller
13132559698;Bait 2012    DVD Combo;Horror
13132559292;Bait 2012;Horror
13132523699;Chained 2012  DVD and  Combo;Horror
13132523293;Chained 2012;Horror
13132517391;Beautiful Wave ;Action Adventure
13132511290;Billy Blanks Tae Bo Intensity;Exercise
13132491493;Beyond 2011  ;Thriller
13132491097;Beyond 2011;Thriller
13132467795;Billy Blanks Tae Bo Advanced;Exercise
13132467696;Billy Blanks Tae Bo Bootcamp Shred;Exercise
13132467092;Beautiful Wave;Action Adventure
13132425498;Catch .44 ;Western
13132424996;Catch .44;Western
13132419992;Billy Blanks Tae Bo Power Alternate UPC;Exercise
13132419695;Billy Blanks Tae Bo Cardio Explosion Alternate UPC;Exercise
13132418391;Billy Blanks PT24 7;Exercise
13132375793;Chateau Meroux;Drama
13132372693;Billy Blanks Tae Bo Ripped Extreme Susan G. Komen Edition;Exercise
13132372198;Christmas Wedding Tail;Comedy
13132363196;Billy Blanks Tae Bo Power;Exercise
13132359892;Billy Blanks Tae Bo Ripped Extreme Alternate UPC;Exercise
13132327099;Bob Harper Total Body Transformation;Exercise
13132326993;Bob Harper Beginners Weight Loss;Exercise
13132326894;Bob Harper Totally Ripped Core;Exercise
13132323398;Butter DVD and  Combo;Comedy
13132322896;Butter;Comedy
13132321899;Apollo 18 ;SciFi
13132321394;Apollo 18;SciFi
13132311890;Big Bang ;Suspense Thriller
13132311791;Big Bang;Suspense Thriller
13132310398;Bob Harper Ultimate Cardio Body Extreme Weight Loss Work;Exercise
13132310299;Camelot 2011 The Complete 1st Season ;TV Classics
13132310190;Camelot 2011 The Complete 1st Season;TV Classics
13132301396;Carjacked ;Suspense Thriller
13132297897;Camel Spiders ;SciFi
13132297798;Camel Spiders;SciFi
13132275895;Billy Blanks Tae Bo Cardio Explosion;Exercise
13132275796;Billy Blanks Bootcamp SOS;Exercise
13132275697;Billy Blanks Tae Bo Ripped Extreme;Exercise
13132275598;Billy Blanks Bootcamp Cardio Sculpt;Exercise
13132226491;Carjacked;Suspense Thriller
12233089820;Citizen;Drama
12233089127;Cinemanovels;Drama
12233069921;Canopy;War
12233065121;Bringing Up Bobby 2011;Drama
12233044928;Big Muddy;Western
12233043921;Between Us;Drama
12233026825;Approaching Midnight;Drama
799819821;Certain Prey;Drama